,id,time,circumplex.arousal,circumplex.valence,mood
0,AS14.01,26/02/2014,-0.25,0.75,6.25
1,AS14.01,27/02/2014,0,0.333333333,6.333333333
2,AS14.01,20/03/2014,,,
3,AS14.01,21/03/2014,0.2,0.2,6.2
4,AS14.01,22/03/2014,0.6,0.5,6.4
5,AS14.01,23/03/2014,0.2,0.8,6.8
6,AS14.01,24/03/2014,0.8,0,6
7,AS14.01,25/03/2014,0.5,0.5,6.75
8,AS14.01,26/03/2014,-0.2,0.6,6.6
9,AS14.01,27/03/2014,0.2,0.8,7
10,AS14.01,28/03/2014,-0.6,0.6,6.4
11,AS14.01,29/03/2014,0.2,1,8
12,AS14.01,30/03/2014,-0.5,0.75,7.5
13,AS14.01,31/03/2014,0,0.6,7.4
14,AS14.01,01/04/2014,0.2,0,6
15,AS14.01,02/04/2014,0.333333333,0.666666667,6.5
16,AS14.01,03/04/2014,-1.2,0,6.4
17,AS14.01,04/04/2014,0.2,0.4,6.2
18,AS14.01,05/04/2014,-0.4,0.6,6.8
19,AS14.01,06/04/2014,-0.75,0.5,6.5
20,AS14.01,07/04/2014,-0.666666667,0.25,6.5
21,AS14.01,08/04/2014,-0.4,0.333333333,6.6
22,AS14.01,09/04/2014,-0.8,1,7.4
23,AS14.01,10/04/2014,-0.4,0.8,7.4
24,AS14.01,11/04/2014,-1.2,0.8,7
25,AS14.01,12/04/2014,-0.75,0.75,7.25
26,AS14.01,13/04/2014,-1.25,1,8
27,AS14.01,14/04/2014,-1.2,0.6,7.2
28,AS14.01,15/04/2014,0,0.8,6.4
29,AS14.01,16/04/2014,0.75,0.5,7.2
30,AS14.01,17/04/2014,-0.4,0.6,6.6
31,AS14.01,18/04/2014,-0.8,0.8,6.8
32,AS14.01,19/04/2014,-0.2,1,7.8
33,AS14.01,20/04/2014,-0.25,0.75,7.25
34,AS14.01,21/04/2014,-0.25,1,7.6
35,AS14.01,22/04/2014,0.2,1,7.4
36,AS14.01,23/04/2014,0.2,1,7.6
37,AS14.01,24/04/2014,-0.4,1,7.6
38,AS14.01,25/04/2014,-0.2,0.8,7.2
39,AS14.01,26/04/2014,-0.2,1,7.6
40,AS14.01,27/04/2014,0,1,7.5
41,AS14.01,28/04/2014,-0.8,0.8,7.6
42,AS14.01,29/04/2014,-0.25,1,7
43,AS14.01,30/04/2014,-0.4,0.75,7.8
44,AS14.01,01/05/2014,-0.4,1,8
45,AS14.01,02/05/2014,-0.2,1,7.6
46,AS14.01,03/05/2014,-0.2,1,8
47,AS14.01,04/05/2014,-0.5,1,8
48,AS14.01,05/05/2014,,,
49,AS14.02,14/03/2014,,,
50,AS14.02,15/03/2014,,,
51,AS14.02,16/03/2014,0,0,6.333333333
52,AS14.02,17/03/2014,0.5,0.5,6.75
53,AS14.02,18/03/2014,0.6,0.8,8.2
54,AS14.02,19/03/2014,0.4,0.4,6.8
55,AS14.02,20/03/2014,-0.5,0.75,7.25
56,AS14.02,21/03/2014,-0.75,0.75,7.5
57,AS14.02,22/03/2014,-1,-0.5,6.5
58,AS14.02,23/03/2014,-1,0,6.25
59,AS14.02,24/03/2014,0.2,-0.2,6.4
60,AS14.02,25/03/2014,-1.25,0.75,7.75
61,AS14.02,26/03/2014,-1.2,0.4,7.2
62,AS14.02,27/03/2014,0,0.5,7.25
63,AS14.02,28/03/2014,-0.6,0.6,6.8
64,AS14.02,29/03/2014,-0.75,0.25,7.25
65,AS14.02,30/03/2014,-1,0.75,7
66,AS14.02,31/03/2014,-0.8,0.4,7.2
67,AS14.02,01/04/2014,-0.2,0.8,7.4
68,AS14.02,02/04/2014,-0.6,-0.2,6.4
69,AS14.02,03/04/2014,-0.25,0,5.75
70,AS14.02,04/04/2014,-1.2,0.2,6.4
71,AS14.02,05/04/2014,0,0.6,7.4
72,AS14.02,06/04/2014,-1,-1.25,4.5
73,AS14.02,07/04/2014,0,0.6,6.8
74,AS14.02,08/04/2014,-0.25,0.5,6.25
75,AS14.02,09/04/2014,-0.5,0.25,7.25
76,AS14.02,10/04/2014,0.25,0.75,7.25
77,AS14.02,11/04/2014,-0.5,0.5,6.5
78,AS14.02,12/04/2014,-2,-1,6
79,AS14.02,13/04/2014,-0.6,0.4,7.2
80,AS14.02,14/04/2014,0.75,1,8
81,AS14.02,15/04/2014,-0.5,0.5,7.25
82,AS14.02,16/04/2014,-0.333333333,0.333333333,6.666666667
83,AS14.02,17/04/2014,0.25,0,6.5
84,AS14.02,18/04/2014,0,0,6.5
85,AS14.02,19/04/2014,-0.666666667,-0.333333333,5.666666667
86,AS14.02,20/04/2014,-0.666666667,0,5
87,AS14.02,21/04/2014,-0.5,-0.5,5.5
88,AS14.02,22/04/2014,-1.333333333,-0.333333333,5.666666667
89,AS14.02,23/04/2014,0,0.5,5.5
90,AS14.02,24/04/2014,-0.5,-0.5,7
91,AS14.02,25/04/2014,-1,1,9
92,AS14.03,21/03/2014,1,2,9
93,AS14.03,22/03/2014,0.8,1,7.8
94,AS14.03,23/03/2014,-0.2,1.2,8.2
95,AS14.03,24/03/2014,-0.6,1.4,7.8
96,AS14.03,25/03/2014,-0.4,1.2,7.8
97,AS14.03,26/03/2014,0.5,1,8.25
98,AS14.03,27/03/2014,0.25,0.5,7.75
99,AS14.03,28/03/2014,-0.5,1.5,8
100,AS14.03,29/03/2014,-0.2,1.6,8.6
101,AS14.03,30/03/2014,-0.2,1,8.4
102,AS14.03,31/03/2014,0.4,0.6,7.4
103,AS14.03,01/04/2014,0.4,0.4,7.6
104,AS14.03,02/04/2014,0.2,0.6,7.4
105,AS14.03,03/04/2014,0,1,7.8
106,AS14.03,04/04/2014,0.2,1.4,7.8
107,AS14.03,05/04/2014,1.2,1,7.6
108,AS14.03,06/04/2014,0.2,0.8,6.8
109,AS14.03,07/04/2014,0.2,1,7.4
110,AS14.03,08/04/2014,0.4,1.2,7.4
111,AS14.03,09/04/2014,0.6,1,7.8
112,AS14.03,10/04/2014,0.4,1,7.4
113,AS14.03,11/04/2014,0.2,1,7.6
114,AS14.03,12/04/2014,0.333333333,1,7.666666667
115,AS14.03,13/04/2014,0.2,1,7.4
116,AS14.03,14/04/2014,0,0.8,7
117,AS14.03,15/04/2014,0.2,0.8,7.6
118,AS14.03,16/04/2014,0.8,1,8
119,AS14.03,17/04/2014,0.25,0.75,7.25
120,AS14.03,18/04/2014,0,1,7.5
121,AS14.03,19/04/2014,0.6,0.8,7.8
122,AS14.03,20/04/2014,0.25,1,7.5
123,AS14.03,21/04/2014,0.2,1,7.4
124,AS14.03,22/04/2014,0.4,0.8,7.6
125,AS14.03,23/04/2014,0.6,0.8,7
126,AS14.03,24/04/2014,-0.2,1,7.4
127,AS14.03,25/04/2014,-1,1,7.5
128,AS14.03,26/04/2014,-0.25,1,7.5
129,AS14.03,27/04/2014,-1.4,1,7.6
130,AS14.03,28/04/2014,-1.4,1,7
131,AS14.03,29/04/2014,-0.6,1,7.2
132,AS14.03,30/04/2014,-1.2,1,7
133,AS14.03,01/05/2014,-0.8,1,7.2
134,AS14.03,02/05/2014,-1.2,1.4,7.6
135,AS14.03,03/05/2014,-0.4,1,7.75
136,AS14.03,04/05/2014,-1.2,0.8,7.4
137,AS14.03,05/05/2014,-1,1,7.25
138,AS14.03,06/05/2014,,,
139,AS14.03,07/05/2014,-0.666666667,1,7.666666667
140,AS14.03,08/05/2014,,,
141,AS14.05,14/03/2014,-1,2,8
142,AS14.05,15/03/2014,0,0.4,6.2
143,AS14.05,16/03/2014,-0.666666667,0,6.333333333
144,AS14.05,17/03/2014,-0.4,0.4,6
145,AS14.05,18/03/2014,0.25,1,7.5
146,AS14.05,19/03/2014,1,0.75,6.75
147,AS14.05,20/03/2014,1,0.8,7.2
148,AS14.05,21/03/2014,0,1,7.25
149,AS14.05,22/03/2014,-2,-1,3.75
150,AS14.05,23/03/2014,-1.4,-1,4.4
151,AS14.05,24/03/2014,-2,-1,3.75
152,AS14.05,25/03/2014,-1,0.333333333,5.333333333
153,AS14.05,26/03/2014,-0.5,0.25,5.5
154,AS14.05,27/03/2014,-0.6,0.2,5.8
155,AS14.05,28/03/2014,0,0.6,6.2
156,AS14.05,29/03/2014,-0.4,1,6.4
157,AS14.05,30/03/2014,-0.8,0.8,6.2
158,AS14.05,31/03/2014,-0.4,1,6.8
159,AS14.05,01/04/2014,0,1,7
160,AS14.05,02/04/2014,-0.2,1,7
161,AS14.05,03/04/2014,-1,0.8,7.2
162,AS14.05,04/04/2014,-0.8,1,7
163,AS14.05,05/04/2014,0,1,7.5
164,AS14.05,06/04/2014,-0.4,1,6.8
165,AS14.05,07/04/2014,-0.25,0.75,6.75
166,AS14.05,08/04/2014,0.25,0,6.75
167,AS14.05,09/04/2014,0.25,0.75,7
168,AS14.05,10/04/2014,0.8,1,7.2
169,AS14.05,11/04/2014,0.2,0.6,7
170,AS14.05,12/04/2014,-1.4,1,7
171,AS14.05,13/04/2014,0.333333333,1,7.5
172,AS14.05,14/04/2014,-1.2,0.4,6.4
173,AS14.05,15/04/2014,0.2,0.8,7
174,AS14.05,16/04/2014,-0.6,0.8,7.2
175,AS14.05,17/04/2014,0.4,0.6,6.6
176,AS14.05,18/04/2014,0.25,1,7.5
177,AS14.05,19/04/2014,-0.8,0.8,7.2
178,AS14.05,20/04/2014,-1.2,1,7.2
179,AS14.05,21/04/2014,-0.6,1,7.2
180,AS14.05,22/04/2014,0.4,1,7.2
181,AS14.05,23/04/2014,-1,1,7.2
182,AS14.05,24/04/2014,-0.75,1,7.2
183,AS14.05,25/04/2014,-1.2,1,7.2
184,AS14.05,26/04/2014,-0.8,1,7.8
185,AS14.05,27/04/2014,-0.6,1,7.4
186,AS14.05,28/04/2014,-0.6,1,7
187,AS14.05,29/04/2014,0.4,0.8,6.8
188,AS14.05,30/04/2014,-0.6,1,7
189,AS14.05,01/05/2014,-0.2,1,6.8
190,AS14.05,02/05/2014,-0.2,1,7
191,AS14.05,03/05/2014,0.25,1,6.75
192,AS14.05,04/05/2014,0.25,1,7
193,AS14.05,05/05/2014,-0.333333333,1,6.333333333
194,AS14.06,24/03/2014,-1,0,7
195,AS14.06,25/03/2014,-0.2,0.6,7
196,AS14.06,26/03/2014,0.5,1.5,8
197,AS14.06,27/03/2014,0.25,0.25,7
198,AS14.06,28/03/2014,-0.2,0.8,7.6
199,AS14.06,29/03/2014,0,1,7.8
200,AS14.06,30/03/2014,0,0.8,7.8
201,AS14.06,31/03/2014,-0.2,0.4,7
202,AS14.06,01/04/2014,0,0.75,7.75
203,AS14.06,02/04/2014,-0.6,0.4,6.8
204,AS14.06,03/04/2014,0,0.4,7.2
205,AS14.06,04/04/2014,-0.4,0.2,7
206,AS14.06,05/04/2014,-0.4,0.8,7
207,AS14.06,06/04/2014,-1,0.4,7
208,AS14.06,07/04/2014,-0.6,0,6.2
209,AS14.06,08/04/2014,-0.2,0,6.6
210,AS14.06,09/04/2014,0.4,0.8,7.4
211,AS14.06,10/04/2014,-0.2,0.8,7.6
212,AS14.06,11/04/2014,-0.2,1,7.8
213,AS14.06,12/04/2014,0.4,1,8.2
214,AS14.06,13/04/2014,-1.5,0.25,6.5
215,AS14.06,14/04/2014,-0.25,0.75,7.25
216,AS14.06,15/04/2014,-0.4,0.6,7
217,AS14.06,16/04/2014,0,0.4,7.6
218,AS14.06,17/04/2014,0.2,0.6,6.8
219,AS14.06,18/04/2014,-1,0.5,6.25
220,AS14.06,19/04/2014,0.2,0.6,6.8
221,AS14.06,20/04/2014,0.6,0.8,8.2
222,AS14.06,21/04/2014,0.2,0.6,7
223,AS14.06,22/04/2014,-0.4,0.6,6.6
224,AS14.06,23/04/2014,0,0.8,7
225,AS14.06,24/04/2014,-0.25,0.75,7.75
226,AS14.06,25/04/2014,-1,0.4,6.4
227,AS14.06,26/04/2014,0,1,7.5
228,AS14.06,27/04/2014,-0.6,1,7.2
229,AS14.06,28/04/2014,-0.25,0.5,6.75
230,AS14.06,29/04/2014,0,1,7.25
231,AS14.06,30/04/2014,-0.6,0.6,6.8
232,AS14.06,01/05/2014,0,1,8
233,AS14.06,02/05/2014,-0.75,1,7.2
234,AS14.06,03/05/2014,-0.75,0,6.25
235,AS14.06,04/05/2014,-0.8,0.75,7.6
236,AS14.06,05/05/2014,-0.666666667,0.666666667,7
237,AS14.06,06/05/2014,,,
238,AS14.06,07/05/2014,-0.5,0.25,6.75
239,AS14.06,08/05/2014,-1,1,7
240,AS14.07,18/03/2014,,,
241,AS14.07,19/03/2014,-1,1.4,6.8
242,AS14.07,20/03/2014,-0.75,-0.25,5.25
243,AS14.07,21/03/2014,0.333333333,1,7
244,AS14.07,22/03/2014,-0.4,0,6
245,AS14.07,23/03/2014,0,1.5,7.75
246,AS14.07,24/03/2014,0.5,1,8
247,AS14.07,25/03/2014,-0.5,1.333333333,7.666666667
248,AS14.07,26/03/2014,0.2,0.6,6.6
249,AS14.07,27/03/2014,0.2,0.4,6.8
250,AS14.07,28/03/2014,0.25,1.5,8.25
251,AS14.07,29/03/2014,0.2,1,7
252,AS14.07,30/03/2014,0.2,0,6.2
253,AS14.07,31/03/2014,-1,0,4.333333333
254,AS14.07,01/04/2014,-1,0.8,6.6
255,AS14.07,02/04/2014,-1.25,0.25,5.5
256,AS14.07,03/04/2014,-0.4,0.2,6.2
257,AS14.07,04/04/2014,-0.75,0,6.5
258,AS14.07,05/04/2014,0,0.666666667,6
259,AS14.07,06/04/2014,-0.75,1,6.75
260,AS14.07,07/04/2014,-0.6,0.2,5.4
261,AS14.07,08/04/2014,-0.4,0.6,6.8
262,AS14.07,09/04/2014,-1,0.6,6.4
263,AS14.07,10/04/2014,0.4,0,6.2
264,AS14.07,11/04/2014,0.5,-1,3.5
265,AS14.07,12/04/2014,0,0.75,6.4
266,AS14.07,13/04/2014,-0.25,1,6.5
267,AS14.07,14/04/2014,-0.2,0.4,6.2
268,AS14.07,15/04/2014,-0.75,0.5,6
269,AS14.07,16/04/2014,-1.25,0,4.75
270,AS14.07,17/04/2014,-1.2,-0.4,3.8
271,AS14.07,18/04/2014,-1,-0.4,5.2
272,AS14.07,19/04/2014,0.25,0.75,7
273,AS14.07,20/04/2014,-2,-1,3
274,AS14.07,21/04/2014,-0.4,0.8,6.6
275,AS14.07,22/04/2014,-0.2,0.4,6
276,AS14.07,23/04/2014,-0.666666667,0,6
277,AS14.07,24/04/2014,-0.6,0.4,5.6
278,AS14.07,25/04/2014,0.333333333,-0.666666667,3.333333333
279,AS14.07,26/04/2014,-0.4,-0.2,5.4
280,AS14.07,27/04/2014,-0.6,0.4,6
281,AS14.07,28/04/2014,0.25,0.75,6.75
282,AS14.07,29/04/2014,-2,0,5
283,AS14.07,30/04/2014,-2,0.5,5
284,AS14.07,01/05/2014,-1.666666667,-0.333333333,5
285,AS14.07,02/05/2014,-0.6,0.6,6.2
286,AS14.07,03/05/2014,-0.666666667,0,5.666666667
287,AS14.07,04/05/2014,-1,1,8
288,AS14.07,05/05/2014,-1.5,0.5,5.5
289,AS14.08,05/03/2014,0,0.333333333,6.333333333
290,AS14.08,06/03/2014,-0.6,0.6,7.2
291,AS14.08,07/03/2014,0.6,1.2,7.4
292,AS14.08,08/03/2014,0,1,7
293,AS14.08,09/03/2014,-1,1.2,7.2
294,AS14.08,10/03/2014,-1,0.6,6.8
295,AS14.08,11/03/2014,0.4,0.4,6.6
296,AS14.08,12/03/2014,0.6,1,7
297,AS14.08,13/03/2014,0,0.6,6.6
298,AS14.08,14/03/2014,-0.2,1.2,7.4
299,AS14.08,15/03/2014,-0.6,0.6,6.4
300,AS14.08,16/03/2014,-1.25,1.25,7
301,AS14.08,17/03/2014,0,0.2,5.4
302,AS14.08,18/03/2014,-0.2,0.6,6.4
303,AS14.08,19/03/2014,-0.2,1,7
304,AS14.08,20/03/2014,-0.2,0.8,6.4
305,AS14.08,21/03/2014,-0.4,0.6,6.6
306,AS14.08,22/03/2014,-0.4,0.8,6.4
307,AS14.08,23/03/2014,-0.2,0.8,7.2
308,AS14.08,24/03/2014,-0.8,1,6.8
309,AS14.08,25/03/2014,-0.6,1,7.2
310,AS14.08,26/03/2014,-0.25,0.5,6.5
311,AS14.08,27/03/2014,0,0.5,6.333333333
312,AS14.08,28/03/2014,-0.25,0.5,6.25
313,AS14.08,29/03/2014,-0.166666667,1,7.166666667
314,AS14.08,30/03/2014,0,0.6,6.8
315,AS14.08,31/03/2014,0,1.2,7.6
316,AS14.08,01/04/2014,-1,1,7.2
317,AS14.08,02/04/2014,-0.4,0.8,6.6
318,AS14.08,03/04/2014,0,1.333333333,7
319,AS14.08,04/04/2014,0.25,1.25,7.5
320,AS14.08,05/04/2014,0.2,1.2,7.4
321,AS14.08,06/04/2014,0,1.25,7.6
322,AS14.08,07/04/2014,0,1,7
323,AS14.08,08/04/2014,-0.25,0.5,6.5
324,AS14.08,09/04/2014,0.25,0.5,6.25
325,AS14.08,10/04/2014,1.2,1.4,7.6
326,AS14.08,11/04/2014,0.6,1,7.6
327,AS14.08,12/04/2014,0,0.8,7
328,AS14.08,13/04/2014,0,1.2,7.6
329,AS14.08,14/04/2014,0.2,0.6,6.6
330,AS14.08,15/04/2014,-0.8,0.6,6.4
331,AS14.08,16/04/2014,-0.6,0.8,6.6
332,AS14.08,17/04/2014,-1,0.8,6.2
333,AS14.08,18/04/2014,-0.4,0.6,6
334,AS14.08,19/04/2014,1.4,1.2,7.8
335,AS14.08,20/04/2014,-1.2,0.8,6.4
336,AS14.08,21/04/2014,-1,0.6,6.4
337,AS14.08,22/04/2014,-0.6,0.4,6
338,AS14.08,23/04/2014,0,0.4,5.6
339,AS14.08,24/04/2014,0.333333333,1,6.666666667
340,AS14.08,25/04/2014,0,0.8,6.333333333
341,AS14.08,26/04/2014,-0.5,0.25,6
342,AS14.08,27/04/2014,-0.833333333,0.666666667,6
343,AS14.08,28/04/2014,-0.8,0.6,5.8
344,AS14.08,29/04/2014,-0.25,0.25,5.75
345,AS14.08,30/04/2014,-0.5,1,6.666666667
346,AS14.08,01/05/2014,0.4,0.8,7
347,AS14.08,02/05/2014,-0.4,1,7.2
348,AS14.08,03/05/2014,0.4,1,7.4
349,AS14.08,04/05/2014,-0.2,1,6.8
350,AS14.08,05/05/2014,-1,1,6.666666667
351,AS14.09,21/03/2014,0,1,7
352,AS14.09,22/03/2014,0,0.666666667,7
353,AS14.09,23/03/2014,0.75,0.25,6.75
354,AS14.09,24/03/2014,0.5,0.5,7.25
355,AS14.09,25/03/2014,0.4,-0.2,6.2
356,AS14.09,26/03/2014,0.5,0.75,7.75
357,AS14.09,27/03/2014,-0.4,0.8,7.8
358,AS14.09,28/03/2014,-0.25,1,8.25
359,AS14.09,29/03/2014,-0.4,1,8
360,AS14.09,30/03/2014,-1,1,7.75
361,AS14.09,31/03/2014,-0.2,0.2,7
362,AS14.09,01/04/2014,0,0.6,7.6
363,AS14.09,02/04/2014,0.2,0,6.2
364,AS14.09,03/04/2014,0,0.6,7.6
365,AS14.09,04/04/2014,-0.75,0.75,7.25
366,AS14.09,05/04/2014,0,0.75,7.5
367,AS14.09,06/04/2014,-0.4,0.8,6.8
368,AS14.09,07/04/2014,-0.5,0,6.2
369,AS14.09,08/04/2014,0,0.6,7.2
370,AS14.09,09/04/2014,0.25,0.25,6.5
371,AS14.09,10/04/2014,0.75,0,6
372,AS14.09,11/04/2014,0,0.6,6.8
373,AS14.09,12/04/2014,0,0.8,7
374,AS14.09,13/04/2014,-0.8,0,6
375,AS14.09,14/04/2014,-0.2,-0.2,5.8
376,AS14.09,15/04/2014,0,0,6
377,AS14.09,16/04/2014,-0.5,-0.25,5.5
378,AS14.09,17/04/2014,0,0.75,7
379,AS14.09,18/04/2014,-1.2,0.6,6.6
380,AS14.09,19/04/2014,0.25,1,8
381,AS14.09,20/04/2014,0,0.25,6.25
382,AS14.09,21/04/2014,-1,0.5,6.5
383,AS14.09,22/04/2014,-0.2,0.4,6.6
384,AS14.09,23/04/2014,-0.333333333,0.333333333,6.333333333
385,AS14.09,24/04/2014,0.2,1,7.2
386,AS14.09,25/04/2014,0.25,1,7.25
387,AS14.09,26/04/2014,0,1,8
388,AS14.09,27/04/2014,-1,0.25,6.25
389,AS14.09,28/04/2014,0,0.6,6.6
390,AS14.09,29/04/2014,-0.5,0.5,6.75
391,AS14.09,30/04/2014,-0.5,0.75,7
392,AS14.09,01/05/2014,-0.25,0.75,7.5
393,AS14.09,02/05/2014,0,0.8,7.6
394,AS14.09,03/05/2014,0.25,0.75,7.75
395,AS14.09,04/05/2014,0.2,0.4,6.6
396,AS14.09,05/05/2014,-1,0.5,6
397,AS14.12,15/03/2014,0,-0.5,5.5
398,AS14.12,27/03/2014,-0.5,1,7
399,AS14.12,28/03/2014,0,0.75,6.75
400,AS14.12,29/03/2014,1,1,6.75
401,AS14.12,30/03/2014,-0.2,0.25,5.8
402,AS14.12,31/03/2014,0.4,0.4,6.4
403,AS14.12,01/04/2014,0.4,0.75,6.4
404,AS14.12,02/04/2014,-0.4,0.333333333,6
405,AS14.12,03/04/2014,0.4,0,5.4
406,AS14.12,04/04/2014,0.75,0.666666667,6.5
407,AS14.12,05/04/2014,0,0.4,6.2
408,AS14.12,06/04/2014,0.25,0.75,6.25
409,AS14.12,07/04/2014,0.2,1,6.4
410,AS14.12,08/04/2014,0,0.25,6.25
411,AS14.12,09/04/2014,0,-0.5,5.25
412,AS14.12,10/04/2014,0.2,0.6,6.4
413,AS14.12,11/04/2014,-0.5,1,6.6
414,AS14.12,12/04/2014,0,0.8,6.8
415,AS14.12,13/04/2014,0.6,0,5.6
416,AS14.12,14/04/2014,-0.4,0.8,6.6
417,AS14.12,15/04/2014,0.2,1,6.8
418,AS14.12,16/04/2014,0,1,7
419,AS14.12,17/04/2014,-0.6,0.8,6.8
420,AS14.12,18/04/2014,-0.6,0.8,6.6
421,AS14.12,19/04/2014,0.4,0.4,5.8
422,AS14.12,20/04/2014,0.4,1,6.4
423,AS14.12,21/04/2014,-0.25,0.75,6
424,AS14.12,22/04/2014,0.25,1,6.5
425,AS14.12,23/04/2014,0,0.8,5.8
426,AS14.12,24/04/2014,-0.6,0.6,6.6
427,AS14.12,25/04/2014,0.2,0.2,5.6
428,AS14.12,26/04/2014,0.25,1,7
429,AS14.12,27/04/2014,0,0.75,6
430,AS14.12,28/04/2014,-0.6,1,6.6
431,AS14.12,29/04/2014,-0.4,1,6
432,AS14.12,30/04/2014,-0.25,0.666666667,6.25
433,AS14.12,01/05/2014,-0.2,0.5,6.2
434,AS14.12,02/05/2014,0,0.5,5.5
435,AS14.12,03/05/2014,-0.4,0.2,5.6
436,AS14.12,04/05/2014,-0.8,-0.2,4.8
437,AS14.12,05/05/2014,0,0.333333333,6
438,AS14.13,13/03/2014,-2,1,7
439,AS14.13,14/03/2014,0.2,1.4,7.8
440,AS14.13,15/03/2014,0.2,0.4,7
441,AS14.13,16/03/2014,-1,0.2,6.4
442,AS14.13,17/03/2014,0,0.8,6.6
443,AS14.13,18/03/2014,-0.2,0.8,7
444,AS14.13,19/03/2014,-0.2,1.2,7.8
445,AS14.13,20/03/2014,0.8,0.2,6.4
446,AS14.13,21/03/2014,0.6,0.6,6.4
447,AS14.13,22/03/2014,1.4,1.6,8.4
448,AS14.13,23/03/2014,1.6,1,7.4
449,AS14.13,24/03/2014,1,1.8,8.8
450,AS14.13,25/03/2014,1.2,1.8,7.6
451,AS14.13,26/03/2014,-1,1,8.4
452,AS14.13,27/03/2014,-1.2,1,7.4
453,AS14.13,28/03/2014,-1,1.2,7.6
454,AS14.13,29/03/2014,-1.8,1,7.2
455,AS14.13,30/03/2014,-0.6,0.8,6.2
456,AS14.13,31/03/2014,-1.2,0.6,7
457,AS14.13,01/04/2014,-1.5,1,7.5
458,AS14.13,02/04/2014,-1.2,1,7.4
459,AS14.13,03/04/2014,-0.8,1.4,7.6
460,AS14.13,04/04/2014,-0.6,1,7.8
461,AS14.13,05/04/2014,0.2,0.8,6.8
462,AS14.13,06/04/2014,0.25,0.75,6.25
463,AS14.13,07/04/2014,-0.4,1,7.4
464,AS14.13,08/04/2014,0.8,1.4,8.2
465,AS14.13,09/04/2014,-0.2,1.2,7.8
466,AS14.13,10/04/2014,0.6,1,7.6
467,AS14.13,11/04/2014,0.6,1.2,6.8
468,AS14.13,12/04/2014,0.6,1,6.8
469,AS14.13,13/04/2014,0.2,0.8,6.6
470,AS14.13,14/04/2014,-0.6,1,6.8
471,AS14.13,15/04/2014,-0.8,0.2,6
472,AS14.13,16/04/2014,-0.25,0.75,6
473,AS14.13,17/04/2014,-1.2,1,6.4
474,AS14.13,18/04/2014,-1,-1,3.5
475,AS14.13,19/04/2014,-0.6,1,7.2
476,AS14.13,20/04/2014,-1.6,0.6,6.6
477,AS14.13,21/04/2014,-1.4,1,7.4
478,AS14.13,22/04/2014,-1.25,0.75,5.75
479,AS14.13,23/04/2014,-0.8,1,7.4
480,AS14.13,24/04/2014,1,1,7.666666667
481,AS14.13,25/04/2014,-0.25,1.25,7.75
482,AS14.13,26/04/2014,-1.8,1.6,8.8
483,AS14.13,27/04/2014,-0.5,1.5,8
484,AS14.13,28/04/2014,-1.666666667,1,8.166666667
485,AS14.13,29/04/2014,-1.25,1.25,8.5
486,AS14.13,30/04/2014,-1.166666667,1,7.833333333
487,AS14.13,01/05/2014,-1,2,8.333333333
488,AS14.13,02/05/2014,-1.4,0.8,8
489,AS14.13,03/05/2014,-0.75,1,7.25
490,AS14.13,04/05/2014,-1,1,8
491,AS14.14,20/03/2014,0.333333333,0.666666667,7
492,AS14.14,21/03/2014,-0.6,0.4,6.4
493,AS14.14,22/03/2014,-0.6,0,5.8
494,AS14.14,23/03/2014,-0.6,0.2,6
495,AS14.14,24/03/2014,-1,0.25,6.5
496,AS14.14,25/03/2014,-0.25,0,5.75
497,AS14.14,26/03/2014,-0.2,1,7
498,AS14.14,27/03/2014,-1,0.8,6.6
499,AS14.14,28/03/2014,-0.4,0.6,6.2
500,AS14.14,29/03/2014,-0.25,1.25,8
501,AS14.14,30/03/2014,-1,1,6.5
502,AS14.14,31/03/2014,-0.25,0.75,6.75
503,AS14.14,01/04/2014,0,0.4,6.2
504,AS14.14,02/04/2014,-1,1,7
505,AS14.14,03/04/2014,-0.5,1,7.333333333
506,AS14.14,04/04/2014,-1,1,7.5
507,AS14.14,05/04/2014,-1.6,0.6,7.4
508,AS14.14,06/04/2014,-1,1,7.4
509,AS14.14,07/04/2014,-0.2,1,7
510,AS14.14,08/04/2014,-0.2,0.8,6.8
511,AS14.14,09/04/2014,0.333333333,1,8
512,AS14.14,10/04/2014,-0.333333333,1,6.666666667
513,AS14.14,11/04/2014,1,1,7.75
514,AS14.14,12/04/2014,0,1,7.5
515,AS14.14,13/04/2014,,,
516,AS14.14,14/04/2014,0,1,7.5
517,AS14.14,15/04/2014,-1,0.333333333,6
518,AS14.14,16/04/2014,0.5,0.25,6
519,AS14.14,17/04/2014,0,0.4,6.2
520,AS14.14,18/04/2014,-1,0,6.5
521,AS14.14,19/04/2014,0.25,1,6.75
522,AS14.14,20/04/2014,-1,0.5,7.5
523,AS14.14,21/04/2014,0.25,1,7
524,AS14.14,22/04/2014,-0.4,0.6,7
525,AS14.14,23/04/2014,-1,0.333333333,7
526,AS14.14,24/04/2014,0.333333333,1,7.333333333
527,AS14.14,25/04/2014,0.8,1.4,8
528,AS14.14,26/04/2014,-1,1,8
529,AS14.14,27/04/2014,0,1,7.666666667
530,AS14.14,28/04/2014,,,
531,AS14.14,29/04/2014,,,
532,AS14.14,30/04/2014,1,1,7
533,AS14.14,01/05/2014,0,0.5,6
534,AS14.14,02/05/2014,0.333333333,1,6.666666667
535,AS14.14,03/05/2014,0.2,1,6.8
536,AS14.14,04/05/2014,0,0.8,6.8
537,AS14.14,05/05/2014,-1,1,7
538,AS14.15,14/03/2014,-0.25,0.5,6.5
539,AS14.15,15/03/2014,0.75,0.5,6.75
540,AS14.15,16/03/2014,-0.666666667,0.333333333,6.166666667
541,AS14.15,17/03/2014,0,0,6.4
542,AS14.15,18/03/2014,0.4,1.2,7.2
543,AS14.15,19/03/2014,0.2,1.2,7.4
544,AS14.15,20/03/2014,0.6,1,7
545,AS14.15,21/03/2014,0.2,0.8,7
546,AS14.15,22/03/2014,-0.4,1,7
547,AS14.15,23/03/2014,0.2,1,7
548,AS14.15,24/03/2014,1,0.8,7
549,AS14.15,25/03/2014,0.8,1,7
550,AS14.15,26/03/2014,1.4,0.8,7.2
551,AS14.15,27/03/2014,1,1,7
552,AS14.15,28/03/2014,1.2,1,7.2
553,AS14.15,29/03/2014,-1.2,0.8,7
554,AS14.15,30/03/2014,-0.8,1,7.4
555,AS14.15,31/03/2014,0.2,1,7.2
556,AS14.15,01/04/2014,0.6,1,7.2
557,AS14.15,02/04/2014,0.8,1,7.2
558,AS14.15,03/04/2014,0.6,1,7.2
559,AS14.15,04/04/2014,0.6,1,7.2
560,AS14.15,05/04/2014,1,1,7.8
561,AS14.15,06/04/2014,-0.2,0,6.2
562,AS14.15,07/04/2014,0.4,0.4,6.8
563,AS14.15,08/04/2014,0.2,0.6,6.8
564,AS14.15,09/04/2014,0,1,7
565,AS14.15,10/04/2014,0.4,1,7.2
566,AS14.15,11/04/2014,0.4,0.8,7
567,AS14.15,12/04/2014,1,1,7.4
568,AS14.15,13/04/2014,2,1,7
569,AS14.15,14/04/2014,1,1,7
570,AS14.15,15/04/2014,-0.2,1,7
571,AS14.15,16/04/2014,0.2,1,7
572,AS14.15,17/04/2014,0,0,6.4
573,AS14.15,18/04/2014,-0.4,0,6
574,AS14.15,19/04/2014,-0.2,0.8,7
575,AS14.15,20/04/2014,0,1,7
576,AS14.15,21/04/2014,-0.2,1,7.2
577,AS14.15,22/04/2014,0,1,7
578,AS14.15,23/04/2014,1,1,7
579,AS14.15,24/04/2014,1.8,1,7
580,AS14.15,25/04/2014,1,1,7
581,AS14.15,26/04/2014,-0.2,0,6.2
582,AS14.15,27/04/2014,0.75,0.6,7
583,AS14.15,28/04/2014,1,0.4,7
584,AS14.15,29/04/2014,1,0.333333333,7
585,AS14.15,30/04/2014,1.4,-0.4,6
586,AS14.15,01/05/2014,-0.2,0,6.6
587,AS14.15,02/05/2014,0.2,0.5,7
588,AS14.15,03/05/2014,0.2,0.2,6.8
589,AS14.15,04/05/2014,-0.2,0.6,7
590,AS14.15,05/05/2014,1,0.75,7
591,AS14.15,06/05/2014,,,
592,AS14.15,07/05/2014,0,0.6,7
593,AS14.15,08/05/2014,0.5,1,7
594,AS14.16,13/03/2014,-0.5,1.5,8
595,AS14.16,14/03/2014,-0.4,0.75,7.4
596,AS14.16,15/03/2014,0.4,0.8,6.4
597,AS14.16,16/03/2014,-0.8,0.5,6.6
598,AS14.16,17/03/2014,-0.6,0.6,7.2
599,AS14.16,18/03/2014,0.4,0.6,6.6
600,AS14.16,19/03/2014,0,0.6,6.4
601,AS14.16,20/03/2014,0.666666667,0.333333333,5.666666667
602,AS14.16,21/03/2014,1,1,6.8
603,AS14.16,22/03/2014,0.5,0.75,6.5
604,AS14.16,23/03/2014,0,1,7
605,AS14.16,24/03/2014,0,0.8,6.4
606,AS14.16,25/03/2014,0.6,0.6,6
607,AS14.16,26/03/2014,0.2,0.25,5.6
608,AS14.16,27/03/2014,0,0.25,6
609,AS14.16,28/03/2014,-0.75,0.75,6.5
610,AS14.16,29/03/2014,-0.5,0.5,6
611,AS14.16,30/03/2014,0.4,1,5.4
612,AS14.16,31/03/2014,-0.25,0.333333333,6
613,AS14.16,01/04/2014,-0.4,0.6,5.8
614,AS14.16,02/04/2014,-0.2,1,6.4
615,AS14.16,03/04/2014,-0.5,0.333333333,6.25
616,AS14.16,04/04/2014,-0.2,0.8,6.2
617,AS14.16,05/04/2014,0,1,7
618,AS14.16,06/04/2014,-0.666666667,1,6.75
619,AS14.16,07/04/2014,-0.2,1,7
620,AS14.16,08/04/2014,0.5,0.666666667,6.4
621,AS14.16,09/04/2014,-0.5,1,7.2
622,AS14.16,10/04/2014,0.2,1,6.6
623,AS14.16,11/04/2014,1,1,7
624,AS14.16,12/04/2014,1.25,1,7
625,AS14.16,13/04/2014,0,0.5,6.4
626,AS14.16,14/04/2014,0.8,1,7
627,AS14.16,15/04/2014,0.6,0.5,6.6
628,AS14.16,16/04/2014,1.25,1,7.25
629,AS14.16,17/04/2014,-0.6,1,7
630,AS14.16,18/04/2014,0,1,6.8
631,AS14.16,19/04/2014,1.6,1,7.2
632,AS14.16,20/04/2014,1.333333333,1,7
633,AS14.16,21/04/2014,1,1,7.25
634,AS14.16,22/04/2014,0.8,0.8,6.6
635,AS14.16,23/04/2014,0.75,1,7.25
636,AS14.16,24/04/2014,-0.2,-0.2,5.4
637,AS14.16,25/04/2014,0.6,1,7.2
638,AS14.16,26/04/2014,0.5,1,6.75
639,AS14.16,27/04/2014,-0.2,1,7.2
640,AS14.16,28/04/2014,1,1,8
641,AS14.16,29/04/2014,-0.5,1,7
642,AS14.16,30/04/2014,0.4,1,7
643,AS14.16,01/05/2014,0,1,7
644,AS14.16,02/05/2014,2,1,8
645,AS14.16,03/05/2014,,,
646,AS14.16,04/05/2014,0,1,7
647,AS14.16,05/05/2014,1.5,1,7.333333333
648,AS14.17,04/03/2014,0.5,2,7
649,AS14.17,05/03/2014,0.666666667,1.333333333,8
650,AS14.17,06/03/2014,0.5,0.75,7.25
651,AS14.17,07/03/2014,0.75,1,7.5
652,AS14.17,08/03/2014,0.4,0.8,7.6
653,AS14.17,09/03/2014,0.8,1,7.2
654,AS14.17,10/03/2014,0.666666667,0.666666667,7.333333333
655,AS14.17,11/03/2014,0,0.4,6.2
656,AS14.17,12/03/2014,0.2,0.2,6.4
657,AS14.17,13/03/2014,0.75,0.75,7.25
658,AS14.17,14/03/2014,1,1,8
659,AS14.17,20/03/2014,,,
660,AS14.17,21/03/2014,0.8,1,7.4
661,AS14.17,22/03/2014,0.4,0.8,7.4
662,AS14.17,23/03/2014,0.8,0.8,7.4
663,AS14.17,24/03/2014,0.666666667,0.666666667,7
664,AS14.17,25/03/2014,0.5,1,7.5
665,AS14.17,26/03/2014,0.2,0.8,7.2
666,AS14.17,27/03/2014,0.4,0.6,7.2
667,AS14.17,28/03/2014,0.6,1,7.2
668,AS14.17,29/03/2014,0.6,0.6,6.8
669,AS14.17,30/03/2014,1,1,8
670,AS14.17,31/03/2014,0.5,1,7.25
671,AS14.17,01/04/2014,0.6,1,7.4
672,AS14.17,02/04/2014,0.25,0.75,7.5
673,AS14.17,03/04/2014,0.2,1,7.2
674,AS14.17,04/04/2014,-0.6,0.8,7
675,AS14.17,05/04/2014,0.2,1,7
676,AS14.17,06/04/2014,0.25,1.25,7.25
677,AS14.17,07/04/2014,1,1,7
678,AS14.17,08/04/2014,0.4,1,7
679,AS14.17,09/04/2014,0.25,1,7
680,AS14.17,10/04/2014,1,1,6.75
681,AS14.17,11/04/2014,0.4,1,7.2
682,AS14.17,12/04/2014,0.4,1,7.2
683,AS14.17,13/04/2014,-0.2,1,7.2
684,AS14.17,14/04/2014,0.8,1,7
685,AS14.17,15/04/2014,0.4,1,7
686,AS14.17,16/04/2014,0.8,1,7.2
687,AS14.17,17/04/2014,0.4,1,7
688,AS14.17,18/04/2014,1,1,7
689,AS14.17,19/04/2014,1,1,7
690,AS14.17,20/04/2014,0.4,1,7.2
691,AS14.17,21/04/2014,0.4,1,7.4
692,AS14.17,22/04/2014,0.6,1,6.6
693,AS14.17,23/04/2014,1,1,7.25
694,AS14.17,24/04/2014,1,1,7.2
695,AS14.17,25/04/2014,0.4,1,7.2
696,AS14.17,26/04/2014,1,1,8
697,AS14.17,27/04/2014,1,1,7.2
698,AS14.17,28/04/2014,0.75,0.333333333,6.75
699,AS14.17,29/04/2014,0.8,1,7
700,AS14.17,30/04/2014,1,1,7
701,AS14.17,01/05/2014,1,1,8
702,AS14.17,02/05/2014,1,1,7
703,AS14.17,03/05/2014,-1,1,7.25
704,AS14.17,04/05/2014,,,
705,AS14.17,05/05/2014,1,1,7.5
706,AS14.19,21/03/2014,0.666666667,0.666666667,4.666666667
707,AS14.19,22/03/2014,-1.4,0.4,6.6
708,AS14.19,23/03/2014,-0.8,0.8,7
709,AS14.19,24/03/2014,-0.4,0.4,6
710,AS14.19,25/03/2014,-1.25,0.25,5.5
711,AS14.19,26/03/2014,-0.6,0.4,6
712,AS14.19,27/03/2014,0,0.6,6.6
713,AS14.19,28/03/2014,-0.6,1.2,6.6
714,AS14.19,29/03/2014,0.2,1.2,7.4
715,AS14.19,30/03/2014,-0.4,0.8,7
716,AS14.19,31/03/2014,-0.4,1,7.2
717,AS14.19,01/04/2014,0,0.2,6.4
718,AS14.19,02/04/2014,-0.2,1,7.6
719,AS14.19,03/04/2014,0,0.6,6.6
720,AS14.19,04/04/2014,-0.2,0.4,7
721,AS14.19,05/04/2014,-0.6,1.2,8
722,AS14.19,06/04/2014,-1.25,1,7.25
723,AS14.19,07/04/2014,-1,0.6,6.6
724,AS14.19,08/04/2014,-0.4,1,6.8
725,AS14.19,09/04/2014,-0.4,0.8,7.2
726,AS14.19,10/04/2014,-0.5,0.75,6.75
727,AS14.19,11/04/2014,-0.6,1,6.8
728,AS14.19,12/04/2014,0.2,0.8,7.2
729,AS14.19,13/04/2014,-0.6,1,7.2
730,AS14.19,14/04/2014,0.4,0.8,7
731,AS14.19,15/04/2014,-1,1,6.4
732,AS14.19,16/04/2014,-0.6,1,6.8
733,AS14.19,17/04/2014,-0.8,1,6.8
734,AS14.19,18/04/2014,-1,1,6.8
735,AS14.19,19/04/2014,-0.4,0.8,6.8
736,AS14.19,20/04/2014,0.2,1.2,7.6
737,AS14.19,21/04/2014,-0.2,1,6.4
738,AS14.19,22/04/2014,0.6,1.2,6.8
739,AS14.19,23/04/2014,-1,1,6
740,AS14.19,24/04/2014,-0.6,0.8,6.6
741,AS14.19,25/04/2014,-0.75,0.75,7.25
742,AS14.19,26/04/2014,1,1.5,7.75
743,AS14.19,27/04/2014,-1.5,0.833333333,6.333333333
744,AS14.19,28/04/2014,0,0.6,6.4
745,AS14.19,29/04/2014,0.4,0.6,7.2
746,AS14.19,30/04/2014,0.4,0.8,7
747,AS14.19,01/05/2014,-0.2,0.8,6.8
748,AS14.19,02/05/2014,0.4,1.2,7.8
749,AS14.19,03/05/2014,0.4,1,7.4
750,AS14.19,04/05/2014,-0.4,0.8,6.6
751,AS14.19,05/05/2014,0.25,1,7
752,AS14.20,20/03/2014,-1,1,7
753,AS14.20,21/03/2014,0.25,0.25,7
754,AS14.20,22/03/2014,1,0.5,7.5
755,AS14.20,23/03/2014,0.8,0.8,7.6
756,AS14.20,24/03/2014,-0.2,0.4,6.8
757,AS14.20,25/03/2014,-0.75,-0.5,6
758,AS14.20,26/03/2014,0.4,0.4,6.8
759,AS14.20,27/03/2014,0.25,0.75,7
760,AS14.20,28/03/2014,0.5,0,6.25
761,AS14.20,29/03/2014,1,1,7.4
762,AS14.20,30/03/2014,1,1,7.5
763,AS14.20,31/03/2014,0.8,0.8,7
764,AS14.20,01/04/2014,0,0,6.25
765,AS14.20,02/04/2014,0,0.25,6.5
766,AS14.20,03/04/2014,0.333333333,0.333333333,6.666666667
767,AS14.20,04/04/2014,0.75,0.5,7
768,AS14.20,05/04/2014,0.4,0.8,7
769,AS14.20,06/04/2014,0.6,0.8,7
770,AS14.20,07/04/2014,0.6,1,6.8
771,AS14.20,08/04/2014,0.5,0.75,7.25
772,AS14.20,09/04/2014,0.25,1,7.75
773,AS14.20,10/04/2014,0.5,0.5,7
774,AS14.20,11/04/2014,0.5,0.75,7.5
775,AS14.20,12/04/2014,0,0.6,6.8
776,AS14.20,13/04/2014,0,0.6,6.8
777,AS14.20,14/04/2014,0,0.2,6.8
778,AS14.20,15/04/2014,0,0.6,6.8
779,AS14.20,16/04/2014,0.4,0.6,7.2
780,AS14.20,17/04/2014,-0.4,0.4,6.4
781,AS14.20,18/04/2014,0,0.5,6.75
782,AS14.20,19/04/2014,0,1,7.5
783,AS14.20,20/04/2014,-0.4,0.6,7.6
784,AS14.20,21/04/2014,0.2,0.8,7.4
785,AS14.20,22/04/2014,0,0,6.4
786,AS14.20,23/04/2014,-0.333333333,0.333333333,7
787,AS14.20,24/04/2014,-0.2,0.4,7
788,AS14.20,25/04/2014,0.5,0.25,7
789,AS14.20,26/04/2014,0.5,0.75,7
790,AS14.20,27/04/2014,0,0,6.8
791,AS14.20,28/04/2014,0,0.2,6.8
792,AS14.20,29/04/2014,0.25,0.75,7.25
793,AS14.20,30/04/2014,0.2,0.6,7
794,AS14.20,01/05/2014,0.2,0.4,7
795,AS14.20,02/05/2014,0.2,0.2,7.2
796,AS14.20,03/05/2014,0,0.5,6.75
797,AS14.20,04/05/2014,0,0.666666667,7.333333333
798,AS14.20,05/05/2014,0,0,7
799,AS14.23,22/03/2014,0,1,7
800,AS14.23,23/03/2014,-0.4,1,7
801,AS14.23,24/03/2014,-0.2,-0.2,5.8
802,AS14.23,25/03/2014,-0.4,0.6,6.2
803,AS14.23,26/03/2014,-0.25,1.25,7
804,AS14.23,27/03/2014,0.75,1.25,7
805,AS14.23,28/03/2014,0.6,1.2,7
806,AS14.23,29/03/2014,0.25,1.5,7.25
807,AS14.23,30/03/2014,0,1.2,7
808,AS14.23,31/03/2014,-0.25,1.5,7.5
809,AS14.23,01/04/2014,0,2,7.5
810,AS14.23,02/04/2014,0.5,1,7
811,AS14.23,03/04/2014,0.5,1,7
812,AS14.23,04/04/2014,1,1,7
813,AS14.23,05/04/2014,0.75,1,6.5
814,AS14.23,06/04/2014,0,0.6,7
815,AS14.23,07/04/2014,-0.25,0.25,5.75
816,AS14.23,08/04/2014,0.2,0.6,6.6
817,AS14.23,09/04/2014,-0.4,1.2,7.2
818,AS14.23,10/04/2014,0,0.8,7
819,AS14.23,11/04/2014,0.4,1,7
820,AS14.23,12/04/2014,-0.25,1,7.75
821,AS14.23,13/04/2014,0.6,1,7.2
822,AS14.23,14/04/2014,,,
823,AS14.23,15/04/2014,0,1,7.25
824,AS14.23,16/04/2014,0,1,7.4
825,AS14.23,17/04/2014,1,1.4,7.4
826,AS14.23,18/04/2014,0.4,1,7.6
827,AS14.23,19/04/2014,0,1,7.75
828,AS14.23,20/04/2014,0.5,1,7.75
829,AS14.23,21/04/2014,-0.4,1,7.2
830,AS14.23,22/04/2014,0.2,0.4,6.2
831,AS14.23,23/04/2014,0,1,7
832,AS14.23,24/04/2014,0,1,7.4
833,AS14.23,25/04/2014,-0.2,1.2,7.8
834,AS14.23,26/04/2014,-0.5,1,7.5
835,AS14.23,27/04/2014,-0.2,1,7
836,AS14.23,28/04/2014,-0.2,1,7.6
837,AS14.23,29/04/2014,-0.2,1.2,7.4
838,AS14.23,30/04/2014,-1,1,9
839,AS14.23,01/05/2014,,,
840,AS14.23,02/05/2014,,,
841,AS14.23,03/05/2014,,,
842,AS14.23,04/05/2014,,,
843,AS14.24,14/04/2014,1,1,8
844,AS14.24,15/04/2014,-0.6,0.75,7.6
845,AS14.24,16/04/2014,-0.4,0.25,7.4
846,AS14.24,17/04/2014,-1.5,0.25,6.75
847,AS14.24,18/04/2014,0.4,0.8,7
848,AS14.24,19/04/2014,0,1,7.25
849,AS14.24,20/04/2014,0.6,0.8,7.8
850,AS14.24,21/04/2014,0.5,1,7.5
851,AS14.24,22/04/2014,0.4,0.8,7.2
852,AS14.24,23/04/2014,-0.25,1,7.5
853,AS14.24,24/04/2014,-0.25,0.5,6.8
854,AS14.24,25/04/2014,0.2,0.25,6.2
855,AS14.24,26/04/2014,0.8,1,7.6
856,AS14.24,27/04/2014,-1,0.75,7
857,AS14.24,28/04/2014,0.4,0.6,6.8
858,AS14.24,29/04/2014,1.25,0,6
859,AS14.24,30/04/2014,0,0.666666667,6.333333333
860,AS14.24,01/05/2014,-0.8,1,7.4
861,AS14.24,02/05/2014,-1,1,7
862,AS14.24,03/05/2014,-1,1,6.833333333
863,AS14.24,04/05/2014,-0.5,1,7.5
864,AS14.24,05/05/2014,-0.666666667,0.333333333,6
865,AS14.24,06/05/2014,,,
866,AS14.24,07/05/2014,1,0.75,7
867,AS14.24,08/05/2014,0.333333333,1,7
868,AS14.24,09/05/2014,-1,1,7.4
869,AS14.24,10/05/2014,-0.333333333,,7
870,AS14.24,11/05/2014,-1,1,7.25
871,AS14.24,12/05/2014,-0.8,0.6,7
872,AS14.24,13/05/2014,-0.25,0.75,7.5
873,AS14.24,14/05/2014,-1,-0.4,5.2
874,AS14.24,15/05/2014,0.2,0.4,6.4
875,AS14.24,16/05/2014,0,1,7
876,AS14.24,17/05/2014,-0.4,1,7.6
877,AS14.24,18/05/2014,-0.2,0.6,7.2
878,AS14.24,19/05/2014,0.25,0.75,7.4
879,AS14.24,20/05/2014,0,1,7
880,AS14.24,21/05/2014,0.2,0.4,6.2
881,AS14.24,22/05/2014,0.6,0.8,6.6
882,AS14.24,23/05/2014,-0.2,0.6,6.8
883,AS14.24,24/05/2014,0,0.8,7.2
884,AS14.24,25/05/2014,0.25,1,7
885,AS14.24,26/05/2014,0.8,1,7
886,AS14.24,27/05/2014,0.5,0.666666667,6.2
887,AS14.24,28/05/2014,0,0.5,6.6
888,AS14.24,29/05/2014,-0.4,0.8,7
889,AS14.24,30/05/2014,0.2,1.2,7.4
890,AS14.24,31/05/2014,1,1,7
891,AS14.24,01/06/2014,-1,0.666666667,6.833333333
892,AS14.24,02/06/2014,0.333333333,1,6.75
893,AS14.24,03/06/2014,0.4,1,7.8
894,AS14.24,04/06/2014,0.5,1,7
895,AS14.24,05/06/2014,0,1,7
896,AS14.24,06/06/2014,0.5,1,7.5
897,AS14.24,07/06/2014,-1,,8
898,AS14.24,08/06/2014,-1.5,1,6.5
899,AS14.24,09/06/2014,,,
900,AS14.25,08/04/2014,0.5,1,8
901,AS14.25,09/04/2014,0,0.2,7.4
902,AS14.25,10/04/2014,0.25,0.5,6.5
903,AS14.25,11/04/2014,-0.25,0.5,7.75
904,AS14.25,12/04/2014,-0.2,0.6,7
905,AS14.25,13/04/2014,-0.4,0.4,6.6
906,AS14.25,14/04/2014,0.6,0.2,6.4
907,AS14.25,15/04/2014,-0.25,0,6.5
908,AS14.25,16/04/2014,0.2,0.6,7.2
909,AS14.25,17/04/2014,0,0,6.5
910,AS14.25,18/04/2014,-0.25,0,6.25
911,AS14.25,19/04/2014,-0.75,0,7.5
912,AS14.25,20/04/2014,0,0,6.8
913,AS14.25,21/04/2014,-0.4,0.8,7.4
914,AS14.25,22/04/2014,0.25,1,8.25
915,AS14.25,23/04/2014,-0.5,0,6.5
916,AS14.25,24/04/2014,-1.2,0,6
917,AS14.25,25/04/2014,-0.25,-0.25,6.25
918,AS14.25,26/04/2014,0.5,1,7
919,AS14.25,27/04/2014,0,0.8,7.4
920,AS14.25,28/04/2014,0,0.4,7.2
921,AS14.25,29/04/2014,-1.2,-0.6,6
922,AS14.25,30/04/2014,0.8,-0.4,6.2
923,AS14.25,01/05/2014,-1,0.4,7
924,AS14.25,02/05/2014,-0.75,0,6.5
925,AS14.25,03/05/2014,-0.25,0,6.4
926,AS14.25,04/05/2014,1,0.6,7.2
927,AS14.25,05/05/2014,-1,0,6.666666667
928,AS14.25,06/05/2014,,,
929,AS14.25,07/05/2014,-0.4,0,6.8
930,AS14.25,08/05/2014,0,0.5,7
931,AS14.26,23/03/2014,0.5,1,7.5
932,AS14.26,24/03/2014,-0.25,0,7
933,AS14.26,25/03/2014,-0.2,0.2,6.6
934,AS14.26,26/03/2014,0.6,0,6.4
935,AS14.26,27/03/2014,-0.2,0.2,6.2
936,AS14.26,28/03/2014,0.2,1,8
937,AS14.26,29/03/2014,-0.2,1,8.2
938,AS14.26,30/03/2014,0,0.4,7.2
939,AS14.26,31/03/2014,0.6,0.4,7
940,AS14.26,01/04/2014,0.4,-0.2,6.6
941,AS14.26,02/04/2014,0,0,6.4
942,AS14.26,03/04/2014,-0.2,0.6,6.8
943,AS14.26,04/04/2014,0.75,0.25,6.75
944,AS14.26,05/04/2014,1,1,8
945,AS14.26,06/04/2014,0,0,6.75
946,AS14.26,07/04/2014,0.25,0,6.75
947,AS14.26,08/04/2014,0,0,6.4
948,AS14.26,09/04/2014,0,0,6.4
949,AS14.26,10/04/2014,-0.2,0.2,6.6
950,AS14.26,11/04/2014,0.8,0.2,6.6
951,AS14.26,12/04/2014,1,1,7.75
952,AS14.26,13/04/2014,-0.2,0,7
953,AS14.26,14/04/2014,0.4,0.4,7.4
954,AS14.26,15/04/2014,0.2,0.4,6.8
955,AS14.26,16/04/2014,0.2,0.2,6.8
956,AS14.26,17/04/2014,0,-0.2,6
957,AS14.26,18/04/2014,0.6,0.8,7.2
958,AS14.26,19/04/2014,1,1,8
959,AS14.26,20/04/2014,0.6,1,8
960,AS14.26,21/04/2014,-0.2,0,6.4
961,AS14.26,22/04/2014,0.5,1,7.25
962,AS14.26,23/04/2014,0.2,0.2,6.2
963,AS14.26,24/04/2014,0,-0.4,5.8
964,AS14.26,25/04/2014,0.2,0.4,6.6
965,AS14.26,26/04/2014,1,1,8
966,AS14.26,27/04/2014,0.8,0.8,7.8
967,AS14.26,28/04/2014,1,1,8
968,AS14.26,29/04/2014,0.6,0.4,6.6
969,AS14.26,30/04/2014,-0.2,0.2,6.2
970,AS14.26,01/05/2014,0,0.4,6.8
971,AS14.26,02/05/2014,0.2,0.8,7.2
972,AS14.26,03/05/2014,0,0.8,7.8
973,AS14.26,04/05/2014,-0.2,0.4,7.4
974,AS14.26,05/05/2014,0.25,0.25,6.5
975,AS14.26,06/05/2014,,,
976,AS14.26,07/05/2014,0,0.4,6.8
977,AS14.26,08/05/2014,-0.2,0.4,6.6
978,AS14.26,09/05/2014,0.2,0.6,6.8
979,AS14.26,10/05/2014,0.6,1,8
980,AS14.26,11/05/2014,0.4,0,6.2
981,AS14.26,12/05/2014,0,0.4,6.4
982,AS14.26,13/05/2014,0.4,0.6,7
983,AS14.26,14/05/2014,0,0,6
984,AS14.26,15/05/2014,0.2,0.2,6.4
985,AS14.26,16/05/2014,0.6,0.8,7.4
986,AS14.26,17/05/2014,0.5,0.5,7.4
987,AS14.26,18/05/2014,0.4,0.8,7.2
988,AS14.26,19/05/2014,-0.4,1,7.4
989,AS14.26,20/05/2014,-0.4,0.8,7.6
990,AS14.26,21/05/2014,0.2,0.8,7
991,AS14.26,22/05/2014,-0.2,0.4,6.6
992,AS14.26,23/05/2014,0.2,0,6.2
993,AS14.26,24/05/2014,-0.2,1,7.6
994,AS14.26,25/05/2014,-0.5,1,8
995,AS14.26,26/05/2014,0.2,1,7.2
996,AS14.26,27/05/2014,0,-0.2,5.8
997,AS14.26,28/05/2014,0.6,-0.4,5.4
998,AS14.26,29/05/2014,0,0.8,7.4
999,AS14.26,30/05/2014,-0.4,0,6.4
1000,AS14.27,02/04/2014,,,
1001,AS14.27,03/04/2014,-0.4,0.6,7.4
1002,AS14.27,04/04/2014,1,0.2,7
1003,AS14.27,05/04/2014,-0.2,0.6,7.4
1004,AS14.27,06/04/2014,-1,0.2,7
1005,AS14.27,07/04/2014,1,0.8,7.6
1006,AS14.27,08/04/2014,-0.6,0.8,7.6
1007,AS14.27,09/04/2014,0.4,0.8,7
1008,AS14.27,10/04/2014,-0.2,0.4,7.4
1009,AS14.27,11/04/2014,0.4,-0.6,5.8
1010,AS14.27,12/04/2014,0.25,0.5,7
1011,AS14.27,13/04/2014,0.5,1.5,8.75
1012,AS14.27,14/04/2014,-0.8,0.8,7.6
1013,AS14.27,15/04/2014,-0.6,0.6,7.2
1014,AS14.27,16/04/2014,-1.4,1,7.8
1015,AS14.27,17/04/2014,0.2,0.8,7.6
1016,AS14.27,18/04/2014,0,1.4,8.6
1017,AS14.27,19/04/2014,-0.25,0.5,7.5
1018,AS14.27,20/04/2014,-0.4,0.6,7.2
1019,AS14.27,21/04/2014,0,0.2,6.8
1020,AS14.27,22/04/2014,-1,0.8,7.8
1021,AS14.27,23/04/2014,0,0.8,8
1022,AS14.27,24/04/2014,0.6,0.6,7.6
1023,AS14.27,25/04/2014,1.2,0.6,7.6
1024,AS14.27,26/04/2014,0.666666667,1.666666667,9.333333333
1025,AS14.27,27/04/2014,0.4,0.8,8
1026,AS14.27,28/04/2014,0.2,0.8,7.8
1027,AS14.27,29/04/2014,-1.2,0.4,7.2
1028,AS14.27,30/04/2014,1.2,0.4,6.6
1029,AS14.27,01/05/2014,0.4,0.8,7.6
1030,AS14.27,02/05/2014,-1,0.6,7.2
1031,AS14.27,03/05/2014,1.2,0,6.4
1032,AS14.27,04/05/2014,-0.2,0.6,7.4
1033,AS14.27,05/05/2014,0,0.666666667,7.666666667
1034,AS14.27,06/05/2014,,,
1035,AS14.27,07/05/2014,0.6,0.8,7.8
1036,AS14.27,08/05/2014,0.6,0.2,7
1037,AS14.27,09/05/2014,1.2,-0.2,6.4
1038,AS14.27,10/05/2014,0.6,0,6.6
1039,AS14.27,11/05/2014,1.4,0.4,7
1040,AS14.27,12/05/2014,0,1,7.8
1041,AS14.27,13/05/2014,0.8,0.4,6.8
1042,AS14.27,14/05/2014,1,0.75,7.5
1043,AS14.27,15/05/2014,1.5,0.5,7
1044,AS14.28,31/03/2014,0,0,6.5
1045,AS14.28,01/04/2014,0,0,7.5
1046,AS14.28,02/04/2014,-0.2,0.4,6.8
1047,AS14.28,03/04/2014,0,1.25,8
1048,AS14.28,04/04/2014,-0.5,0,5.75
1049,AS14.28,05/04/2014,-0.8,0.8,7.6
1050,AS14.28,06/04/2014,-0.6,0.6,7.2
1051,AS14.28,07/04/2014,0.2,1.25,8
1052,AS14.28,08/04/2014,-0.2,1,7.8
1053,AS14.28,09/04/2014,-1,1,7
1054,AS14.28,10/04/2014,-1,0.5,7
1055,AS14.28,11/04/2014,-0.6,0,7.4
1056,AS14.28,12/04/2014,-0.75,1.25,7.8
1057,AS14.28,13/04/2014,-0.6,0.75,7.2
1058,AS14.28,14/04/2014,-1,0.5,6.8
1059,AS14.28,15/04/2014,-0.2,0.4,6.8
1060,AS14.28,16/04/2014,0.6,-0.4,6.2
1061,AS14.28,17/04/2014,-0.5,0.75,7.8
1062,AS14.28,18/04/2014,-0.2,0,5.8
1063,AS14.28,19/04/2014,-0.5,0.333333333,6.75
1064,AS14.28,20/04/2014,-0.4,1,7.8
1065,AS14.28,21/04/2014,-0.25,1,8
1066,AS14.28,22/04/2014,-0.75,1,7.25
1067,AS14.28,23/04/2014,0.333333333,1,7
1068,AS14.28,24/04/2014,-0.2,1.2,8
1069,AS14.28,25/04/2014,-0.2,1,7
1070,AS14.28,26/04/2014,0,1,8
1071,AS14.28,27/04/2014,0.25,0.5,7.25
1072,AS14.28,28/04/2014,-0.5,1,7.5
1073,AS14.28,29/04/2014,-0.2,0.8,7
1074,AS14.28,30/04/2014,-0.2,0.2,6.2
1075,AS14.28,01/05/2014,-0.6,0.4,6.4
1076,AS14.28,02/05/2014,-0.5,1,6.8
1077,AS14.28,03/05/2014,0,1,7.4
1078,AS14.28,04/05/2014,-0.4,0.666666667,6.8
1079,AS14.28,05/05/2014,0.5,1,7
1080,AS14.28,06/05/2014,,,
1081,AS14.28,07/05/2014,0,-0.25,6.333333333
1082,AS14.28,08/05/2014,0,0.5,6.5
1083,AS14.29,02/04/2014,0.25,1.5,8.5
1084,AS14.29,03/04/2014,-1,0.25,7.25
1085,AS14.29,04/04/2014,-1.25,0.75,8
1086,AS14.29,05/04/2014,0.8,0.8,8.2
1087,AS14.29,06/04/2014,0,0.8,7.75
1088,AS14.29,07/04/2014,-0.6,0.2,7.2
1089,AS14.29,08/04/2014,-0.8,1,7.8
1090,AS14.29,09/04/2014,0.4,0.4,7.6
1091,AS14.29,10/04/2014,0.4,1.4,8.6
1092,AS14.29,11/04/2014,0.2,0.6,7.2
1093,AS14.29,12/04/2014,1,0.75,8.25
1094,AS14.29,13/04/2014,0,0.6,8.2
1095,AS14.29,14/04/2014,-0.8,1,8
1096,AS14.29,15/04/2014,-0.5,1,8.25
1097,AS14.29,16/04/2014,0,1,7.8
1098,AS14.29,17/04/2014,0.8,0.8,7.6
1099,AS14.29,18/04/2014,-0.25,0.25,8
1100,AS14.29,19/04/2014,-0.6,0.2,7
1101,AS14.29,20/04/2014,-0.5,0.75,7.5
1102,AS14.29,21/04/2014,0,0.4,7.2
1103,AS14.29,22/04/2014,-0.2,0,6.4
1104,AS14.29,23/04/2014,0.6,0.6,7.6
1105,AS14.29,24/04/2014,0.2,1,7.8
1106,AS14.29,25/04/2014,0,0.75,7.5
1107,AS14.29,26/04/2014,0,0,6
1108,AS14.29,27/04/2014,-0.75,0,6.5
1109,AS14.29,28/04/2014,-0.4,0.4,7
1110,AS14.29,29/04/2014,0.4,0.8,7.6
1111,AS14.29,30/04/2014,-0.4,0.2,7.8
1112,AS14.29,01/05/2014,0,0.4,7.6
1113,AS14.29,02/05/2014,,,
1114,AS14.29,03/05/2014,1,1,8
1115,AS14.29,04/05/2014,-1,1,8
1116,AS14.29,05/05/2014,-0.333333333,0.666666667,7.333333333
1117,AS14.29,06/05/2014,,,
1118,AS14.29,07/05/2014,-0.2,0.8,7.8
1119,AS14.29,08/05/2014,0.4,1,7.8
1120,AS14.29,09/05/2014,-0.4,0.6,7.4
1121,AS14.29,10/05/2014,-0.2,0.4,7
1122,AS14.29,11/05/2014,-0.8,0.4,7
1123,AS14.29,12/05/2014,-0.2,0.8,7.6
1124,AS14.29,13/05/2014,0.6,0.8,8.2
1125,AS14.29,14/05/2014,0.2,0.4,7.6
1126,AS14.29,15/05/2014,-0.5,0,6
1127,AS14.30,20/03/2014,0.333333333,1,7
1128,AS14.30,21/03/2014,-0.4,1.2,7.8
1129,AS14.30,22/03/2014,-0.8,1,7.6
1130,AS14.30,23/03/2014,-0.6,1,7.8
1131,AS14.30,24/03/2014,-0.2,1,7.8
1132,AS14.30,25/03/2014,-0.2,1,8
1133,AS14.30,26/03/2014,0.2,0.6,6.8
1134,AS14.30,27/03/2014,-0.75,1,7.75
1135,AS14.30,28/03/2014,0,1,7.8
1136,AS14.30,29/03/2014,-1.4,1,8.4
1137,AS14.30,30/03/2014,-1.2,1,7.6
1138,AS14.30,31/03/2014,-0.8,1,7.6
1139,AS14.30,01/04/2014,-1.2,1.2,7.8
1140,AS14.30,02/04/2014,-0.6,0.6,7.6
1141,AS14.30,03/04/2014,0.2,1,8
1142,AS14.30,04/04/2014,-1.2,1,7.8
1143,AS14.30,05/04/2014,-0.8,1,8
1144,AS14.30,06/04/2014,-1.2,1,8
1145,AS14.30,07/04/2014,0,1,7.6
1146,AS14.30,08/04/2014,-0.6,1,7.8
1147,AS14.30,09/04/2014,-0.5,1,7.75
1148,AS14.30,10/04/2014,-1,1,8.2
1149,AS14.30,11/04/2014,-0.666666667,0.666666667,7.666666667
1150,AS14.30,12/04/2014,-1,1.2,7.8
1151,AS14.30,13/04/2014,-1.6,1,7.2
1152,AS14.30,14/04/2014,-0.25,1,7.75
1153,AS14.30,15/04/2014,-1.4,1,7.6
1154,AS14.30,16/04/2014,-0.4,1.4,8.4
1155,AS14.30,17/04/2014,-0.8,1,7.6
1156,AS14.30,18/04/2014,-1.2,1,7.4
1157,AS14.30,19/04/2014,-1.2,1,7.8
1158,AS14.30,20/04/2014,-1.25,1,7.75
1159,AS14.30,21/04/2014,-1.6,1,7.8
1160,AS14.30,22/04/2014,-0.8,1.2,8
1161,AS14.30,23/04/2014,-1.4,1,7.6
1162,AS14.30,24/04/2014,-1.2,1.2,8.2
1163,AS14.30,25/04/2014,-1,1,7.5
1164,AS14.30,26/04/2014,-1.2,1,7.8
1165,AS14.30,27/04/2014,-1,1,7.8
1166,AS14.30,28/04/2014,-1,1,8
1167,AS14.30,29/04/2014,-1,1,8
1168,AS14.30,30/04/2014,-1.2,1,7.8
1169,AS14.30,01/05/2014,-1,1,8.2
1170,AS14.30,02/05/2014,-1,1,8
1171,AS14.30,03/05/2014,-1.2,1,7.8
1172,AS14.30,04/05/2014,-1.4,1,7.8
1173,AS14.30,05/05/2014,-1,1,8
1174,AS14.31,01/04/2014,,,
1175,AS14.31,02/04/2014,0,0.666666667,6.666666667
1176,AS14.31,03/04/2014,0.6,1,6.6
1177,AS14.31,04/04/2014,0.4,0.4,6.8
1178,AS14.31,05/04/2014,0.8,0.6,7.4
1179,AS14.31,06/04/2014,0,0.2,6.6
1180,AS14.31,07/04/2014,0.2,0.2,6.6
1181,AS14.31,08/04/2014,0.6,0.6,7
1182,AS14.31,09/04/2014,0.2,0.6,7
1183,AS14.31,10/04/2014,0.4,0.6,7.2
1184,AS14.31,11/04/2014,0.6,1.2,7.8
1185,AS14.31,12/04/2014,0.6,0.8,7
1186,AS14.31,13/04/2014,-0.6,1,6.8
1187,AS14.31,14/04/2014,-0.8,0,6.2
1188,AS14.31,15/04/2014,0,0.75,7
1189,AS14.31,16/04/2014,0,0.5,6.75
1190,AS14.31,17/04/2014,0.6,1,7
1191,AS14.31,18/04/2014,0.2,0.8,6.8
1192,AS14.31,19/04/2014,0.8,1.2,7.8
1193,AS14.31,20/04/2014,1.2,1.6,8
1194,AS14.31,21/04/2014,0.2,0.4,6.4
1195,AS14.31,22/04/2014,0,1,7
1196,AS14.31,23/04/2014,0.8,1,7
1197,AS14.31,24/04/2014,0.25,0.75,6.5
1198,AS14.31,25/04/2014,1,1,7
1199,AS14.31,26/04/2014,0.333333333,1,7
1200,AS14.31,27/04/2014,1,1.2,7.4
1201,AS14.31,28/04/2014,0.8,0.8,6.8
1202,AS14.31,29/04/2014,0.333333333,1,7
1203,AS14.31,30/04/2014,0.4,0.8,7
1204,AS14.31,01/05/2014,0.8,1,7
1205,AS14.31,02/05/2014,1,1,7
1206,AS14.31,03/05/2014,1,1.2,7.4
1207,AS14.31,04/05/2014,0.8,1,7.2
1208,AS14.31,05/05/2014,0.75,1,7
1209,AS14.31,07/05/2014,0.5,1,6.75
1210,AS14.31,08/05/2014,1,1,7
1211,AS14.31,09/05/2014,0.666666667,1,7
1212,AS14.31,10/05/2014,1,1,7.333333333
1213,AS14.31,11/05/2014,0.4,1,7
1214,AS14.31,12/05/2014,1,1,7
1215,AS14.31,13/05/2014,1,1,7
1216,AS14.31,14/05/2014,1,1,7
1217,AS14.31,15/05/2014,0.5,1,7
1218,AS14.31,17/05/2014,,,
1219,AS14.32,01/04/2014,-1,1.5,8
1220,AS14.32,02/04/2014,0,0,7
1221,AS14.32,03/04/2014,-0.25,0.5,8
1222,AS14.32,04/04/2014,-0.5,0.5,8
1223,AS14.32,05/04/2014,1.4,1.4,8.4
1224,AS14.32,06/04/2014,-1.4,0,7.6
1225,AS14.32,07/04/2014,-0.5,-0.5,7
1226,AS14.32,08/04/2014,0.4,0.2,7.8
1227,AS14.32,09/04/2014,0.333333333,0,7.333333333
1228,AS14.32,10/04/2014,0.25,0.75,8.25
1229,AS14.32,11/04/2014,0.333333333,0.333333333,7.666666667
1230,AS14.32,12/04/2014,0.2,0.8,8.6
1231,AS14.32,13/04/2014,-1.8,0.6,8
1232,AS14.32,14/04/2014,0.5,0.5,7.5
1233,AS14.32,15/04/2014,0,0.5,8
1234,AS14.32,16/04/2014,0.75,0.75,8.5
1235,AS14.32,17/04/2014,0.5,0.5,8.5
1236,AS14.32,18/04/2014,-1,1,7
1237,AS14.32,19/04/2014,,,
1238,AS14.32,20/04/2014,,,
1239,AS14.32,21/04/2014,-1.75,-0.25,7
1240,AS14.32,22/04/2014,,,
1241,AS14.32,23/04/2014,-0.2,0,7
1242,AS14.32,24/04/2014,0,0.5,8
1243,AS14.32,25/04/2014,0,1,8
1244,AS14.32,26/04/2014,,,
1245,AS14.32,27/04/2014,-0.5,0,7
1246,AS14.32,28/04/2014,0.25,0.25,7.5
1247,AS14.32,29/04/2014,1,0.666666667,8
1248,AS14.32,30/04/2014,0,0.666666667,7
1249,AS14.32,01/05/2014,-1,0,7
1250,AS14.32,02/05/2014,-0.25,0,7.25
1251,AS14.32,03/05/2014,-1,0.5,7.5
1252,AS14.32,04/05/2014,0.333333333,1,8.666666667
1253,AS14.32,05/05/2014,-0.5,0,7
1254,AS14.32,06/05/2014,,,
1255,AS14.32,07/05/2014,-1,-0.25,6
1256,AS14.32,08/05/2014,-1,-0.25,6
1257,AS14.32,09/05/2014,-0.25,0.75,7.75
1258,AS14.32,10/05/2014,-0.75,0.5,7.25
1259,AS14.32,11/05/2014,-1.4,0.2,7.2
1260,AS14.32,12/05/2014,-0.6,0.2,7.2
1261,AS14.32,13/05/2014,,,
1262,AS14.32,14/05/2014,,,
1263,AS14.33,16/04/2014,0.333333333,0.333333333,7
1264,AS14.33,17/04/2014,-0.6,1.4,7.2
1265,AS14.33,18/04/2014,-0.8,0.8,7.4
1266,AS14.33,19/04/2014,0,1,7.666666667
1267,AS14.33,20/04/2014,0,1.2,7.4
1268,AS14.33,21/04/2014,0,0.6,7.2
1269,AS14.33,22/04/2014,-0.6,-0.2,6.2
1270,AS14.33,23/04/2014,-0.2,-0.6,5.2
1271,AS14.33,24/04/2014,-0.25,1,7
1272,AS14.33,25/04/2014,0.8,1,8.4
1273,AS14.33,26/04/2014,0.4,1,7.6
1274,AS14.33,27/04/2014,-1.2,0.4,6.2
1275,AS14.33,28/04/2014,-1.25,0.75,6.75
1276,AS14.33,29/04/2014,-0.4,0.4,6.2
1277,AS14.33,30/04/2014,-1,0.25,6.4
1278,AS14.33,01/05/2014,-0.6,0.5,7
1279,AS14.33,02/05/2014,,,
1280,AS14.33,03/05/2014,,,
1281,AS14.33,04/05/2014,0,1,8.333333333
1282,AS14.33,05/05/2014,-1.5,0.666666667,7.25
1283,AS14.33,06/05/2014,,,
1284,AS14.33,07/05/2014,-0.25,-0.5,5
1285,AS14.33,08/05/2014,-0.8,0.4,6.6
1286,AS14.33,09/05/2014,0.2,-0.2,4.8
1287,AS14.33,10/05/2014,-0.4,1,7.6
1288,AS14.33,11/05/2014,0,0.4,6
1289,AS14.33,12/05/2014,-0.75,0.5,6
1290,AS14.33,13/05/2014,0.5,0,5
1291,AS14.33,14/05/2014,-0.333333333,0.4,6.833333333
1292,AS14.33,15/05/2014,0,0.5,6
1293,AS14.33,16/05/2014,0.4,1,7
1294,AS14.33,17/05/2014,0.25,0.333333333,6
1295,AS14.33,18/05/2014,-0.6,0.2,6
1296,AS14.33,19/05/2014,-0.2,0.2,6.2
1297,AS14.33,20/05/2014,-0.5,0.5,6.25
1298,AS14.33,21/05/2014,-0.666666667,-0.2,6
1299,AS14.33,22/05/2014,0.5,0.25,5.75
1300,AS14.33,23/05/2014,-0.833333333,0,5.833333333
1301,AS14.33,24/05/2014,-0.75,0.25,6.4
1302,AS14.33,25/05/2014,-0.75,0.333333333,6.25
1303,AS14.33,26/05/2014,-0.4,0,5.4
1304,AS14.33,27/05/2014,-0.6,0.4,6.2
1305,AS14.33,28/05/2014,0,1.2,8.2
1306,AS14.33,29/05/2014,-1.333333333,1,7
1307,AS14.33,30/05/2014,-0.8,-0.4,6.8
1308,AS14.33,31/05/2014,-2,1,7
1309,AS14.01,17/02/2014,,,
1310,AS14.01,18/02/2014,,,
1311,AS14.01,19/02/2014,,,
1312,AS14.01,20/02/2014,,,
1313,AS14.01,21/02/2014,,,
1314,AS14.01,22/02/2014,,,
1315,AS14.01,25/02/2014,,,
1316,AS14.01,28/02/2014,,,
1317,AS14.01,01/03/2014,,,
1318,AS14.01,03/03/2014,,,
1319,AS14.01,05/03/2014,,,
1320,AS14.01,06/03/2014,,,
1321,AS14.01,07/03/2014,,,
1322,AS14.01,10/03/2014,,,
1323,AS14.01,11/03/2014,,,
1324,AS14.01,12/03/2014,,,
1325,AS14.01,13/03/2014,,,
1326,AS14.01,14/03/2014,,,
1327,AS14.01,15/03/2014,,,
1328,AS14.01,16/03/2014,,,
1329,AS14.01,17/03/2014,,,
1330,AS14.01,18/03/2014,,,
1331,AS14.01,19/03/2014,,,
1332,AS14.02,17/02/2014,,,
1333,AS14.02,18/02/2014,,,
1334,AS14.02,19/02/2014,,,
1335,AS14.02,20/02/2014,,,
1336,AS14.02,21/02/2014,,,
1337,AS14.02,22/02/2014,,,
1338,AS14.02,23/02/2014,,,
1339,AS14.02,24/02/2014,,,
1340,AS14.02,25/02/2014,,,
1341,AS14.02,26/02/2014,,,
1342,AS14.02,27/02/2014,,,
1343,AS14.02,28/02/2014,,,
1344,AS14.02,01/03/2014,,,
1345,AS14.02,02/03/2014,,,
1346,AS14.02,03/03/2014,,,
1347,AS14.02,04/03/2014,,,
1348,AS14.02,05/03/2014,,,
1349,AS14.02,06/03/2014,,,
1350,AS14.02,07/03/2014,,,
1351,AS14.02,08/03/2014,,,
1352,AS14.02,09/03/2014,,,
1353,AS14.02,10/03/2014,,,
1354,AS14.02,11/03/2014,,,
1355,AS14.02,12/03/2014,,,
1356,AS14.02,13/03/2014,,,
1357,AS14.03,17/02/2014,,,
1358,AS14.03,18/02/2014,,,
1359,AS14.03,19/02/2014,,,
1360,AS14.03,20/02/2014,,,
1361,AS14.03,21/02/2014,,,
1362,AS14.03,22/02/2014,,,
1363,AS14.03,23/02/2014,,,
1364,AS14.03,24/02/2014,,,
1365,AS14.03,26/02/2014,,,
1366,AS14.03,27/02/2014,,,
1367,AS14.03,28/02/2014,,,
1368,AS14.03,01/03/2014,,,
1369,AS14.03,02/03/2014,,,
1370,AS14.03,03/03/2014,,,
1371,AS14.03,05/03/2014,,,
1372,AS14.03,07/03/2014,,,
1373,AS14.03,08/03/2014,,,
1374,AS14.03,09/03/2014,,,
1375,AS14.03,10/03/2014,,,
1376,AS14.03,11/03/2014,,,
1377,AS14.03,13/03/2014,,,
1378,AS14.03,14/03/2014,,,
1379,AS14.03,15/03/2014,,,
1380,AS14.03,16/03/2014,,,
1381,AS14.03,17/03/2014,,,
1382,AS14.03,18/03/2014,,,
1383,AS14.03,19/03/2014,,,
1384,AS14.03,20/03/2014,,,
1385,AS14.05,18/02/2014,,,
1386,AS14.05,19/02/2014,,,
1387,AS14.05,21/02/2014,,,
1388,AS14.05,24/02/2014,,,
1389,AS14.05,25/02/2014,,,
1390,AS14.05,27/02/2014,,,
1391,AS14.05,28/02/2014,,,
1392,AS14.05,01/03/2014,,,
1393,AS14.05,02/03/2014,,,
1394,AS14.05,03/03/2014,,,
1395,AS14.05,04/03/2014,,,
1396,AS14.05,05/03/2014,,,
1397,AS14.05,07/03/2014,,,
1398,AS14.05,08/03/2014,,,
1399,AS14.05,09/03/2014,,,
1400,AS14.05,11/03/2014,,,
1401,AS14.05,12/03/2014,,,
1402,AS14.06,17/02/2014,,,
1403,AS14.06,18/02/2014,,,
1404,AS14.06,19/02/2014,,,
1405,AS14.06,20/02/2014,,,
1406,AS14.06,21/02/2014,,,
1407,AS14.06,22/02/2014,,,
1408,AS14.06,23/02/2014,,,
1409,AS14.06,24/02/2014,,,
1410,AS14.06,25/02/2014,,,
1411,AS14.06,26/02/2014,,,
1412,AS14.06,27/02/2014,,,
1413,AS14.06,28/02/2014,,,
1414,AS14.06,01/03/2014,,,
1415,AS14.06,04/03/2014,,,
1416,AS14.06,05/03/2014,,,
1417,AS14.06,06/03/2014,,,
1418,AS14.06,07/03/2014,,,
1419,AS14.06,10/03/2014,,,
1420,AS14.06,12/03/2014,,,
1421,AS14.06,13/03/2014,,,
1422,AS14.06,15/03/2014,,,
1423,AS14.06,16/03/2014,,,
1424,AS14.06,17/03/2014,,,
1425,AS14.06,18/03/2014,,,
1426,AS14.06,20/03/2014,,,
1427,AS14.06,21/03/2014,,,
1428,AS14.06,22/03/2014,,,
1429,AS14.06,23/03/2014,,,
1430,AS14.07,17/03/2014,,,
1431,AS14.08,17/02/2014,,,
1432,AS14.08,18/02/2014,,,
1433,AS14.08,25/02/2014,,,
1434,AS14.08,28/02/2014,,,
1435,AS14.08,03/03/2014,,,
1436,AS14.09,17/02/2014,,,
1437,AS14.09,18/02/2014,,,
1438,AS14.09,19/02/2014,,,
1439,AS14.09,22/02/2014,,,
1440,AS14.09,23/02/2014,,,
1441,AS14.09,24/02/2014,,,
1442,AS14.09,25/02/2014,,,
1443,AS14.09,26/02/2014,,,
1444,AS14.09,27/02/2014,,,
1445,AS14.09,28/02/2014,,,
1446,AS14.09,01/03/2014,,,
1447,AS14.09,02/03/2014,,,
1448,AS14.09,04/03/2014,,,
1449,AS14.09,05/03/2014,,,
1450,AS14.09,06/03/2014,,,
1451,AS14.09,07/03/2014,,,
1452,AS14.09,08/03/2014,,,
1453,AS14.09,09/03/2014,,,
1454,AS14.09,10/03/2014,,,
1455,AS14.09,12/03/2014,,,
1456,AS14.09,16/03/2014,,,
1457,AS14.09,17/03/2014,,,
1458,AS14.09,18/03/2014,,,
1459,AS14.09,19/03/2014,,,
1460,AS14.09,20/03/2014,,,
1461,AS14.12,19/02/2014,,,
1462,AS14.12,20/02/2014,,,
1463,AS14.12,21/02/2014,,,
1464,AS14.12,22/02/2014,,,
1465,AS14.12,23/02/2014,,,
1466,AS14.12,24/02/2014,,,
1467,AS14.12,26/02/2014,,,
1468,AS14.12,27/02/2014,,,
1469,AS14.12,28/02/2014,,,
1470,AS14.12,01/03/2014,,,
1471,AS14.12,02/03/2014,,,
1472,AS14.12,03/03/2014,,,
1473,AS14.12,04/03/2014,,,
1474,AS14.12,05/03/2014,,,
1475,AS14.12,07/03/2014,,,
1476,AS14.12,08/03/2014,,,
1477,AS14.12,09/03/2014,,,
1478,AS14.12,10/03/2014,,,
1479,AS14.12,12/03/2014,,,
1480,AS14.12,14/03/2014,,,
1481,AS14.12,16/03/2014,,,
1482,AS14.12,18/03/2014,,,
1483,AS14.12,19/03/2014,,,
1484,AS14.12,20/03/2014,,,
1485,AS14.12,21/03/2014,,,
1486,AS14.12,25/03/2014,,,
1487,AS14.13,17/02/2014,,,
1488,AS14.13,18/02/2014,,,
1489,AS14.13,19/02/2014,,,
1490,AS14.13,20/02/2014,,,
1491,AS14.13,21/02/2014,,,
1492,AS14.13,22/02/2014,,,
1493,AS14.13,23/02/2014,,,
1494,AS14.13,24/02/2014,,,
1495,AS14.13,26/02/2014,,,
1496,AS14.13,27/02/2014,,,
1497,AS14.13,28/02/2014,,,
1498,AS14.13,01/03/2014,,,
1499,AS14.13,02/03/2014,,,
1500,AS14.13,03/03/2014,,,
1501,AS14.13,04/03/2014,,,
1502,AS14.13,05/03/2014,,,
1503,AS14.13,06/03/2014,,,
1504,AS14.13,07/03/2014,,,
1505,AS14.13,11/03/2014,,,
1506,AS14.14,17/02/2014,,,
1507,AS14.14,18/02/2014,,,
1508,AS14.14,19/02/2014,,,
1509,AS14.14,20/02/2014,,,
1510,AS14.14,21/02/2014,,,
1511,AS14.14,22/02/2014,,,
1512,AS14.14,23/02/2014,,,
1513,AS14.14,24/02/2014,,,
1514,AS14.14,25/02/2014,,,
1515,AS14.14,26/02/2014,,,
1516,AS14.14,27/02/2014,,,
1517,AS14.14,28/02/2014,,,
1518,AS14.14,02/03/2014,,,
1519,AS14.14,03/03/2014,,,
1520,AS14.14,04/03/2014,,,
1521,AS14.14,05/03/2014,,,
1522,AS14.14,06/03/2014,,,
1523,AS14.14,07/03/2014,,,
1524,AS14.14,10/03/2014,,,
1525,AS14.14,13/03/2014,,,
1526,AS14.14,14/03/2014,,,
1527,AS14.14,15/03/2014,,,
1528,AS14.14,16/03/2014,,,
1529,AS14.14,18/03/2014,,,
1530,AS14.14,19/03/2014,,,
1531,AS14.15,17/02/2014,,,
1532,AS14.15,18/02/2014,,,
1533,AS14.15,19/02/2014,,,
1534,AS14.15,20/02/2014,,,
1535,AS14.15,21/02/2014,,,
1536,AS14.15,22/02/2014,,,
1537,AS14.15,23/02/2014,,,
1538,AS14.15,24/02/2014,,,
1539,AS14.15,25/02/2014,,,
1540,AS14.15,26/02/2014,,,
1541,AS14.15,27/02/2014,,,
1542,AS14.15,01/03/2014,,,
1543,AS14.15,03/03/2014,,,
1544,AS14.15,04/03/2014,,,
1545,AS14.15,05/03/2014,,,
1546,AS14.15,06/03/2014,,,
1547,AS14.15,07/03/2014,,,
1548,AS14.15,08/03/2014,,,
1549,AS14.15,09/03/2014,,,
1550,AS14.15,10/03/2014,,,
1551,AS14.15,11/03/2014,,,
1552,AS14.15,12/03/2014,,,
1553,AS14.15,13/03/2014,,,
1554,AS14.16,17/02/2014,,,
1555,AS14.16,20/02/2014,,,
1556,AS14.16,21/02/2014,,,
1557,AS14.16,22/02/2014,,,
1558,AS14.16,24/02/2014,,,
1559,AS14.16,25/02/2014,,,
1560,AS14.16,26/02/2014,,,
1561,AS14.16,27/02/2014,,,
1562,AS14.16,28/02/2014,,,
1563,AS14.16,01/03/2014,,,
1564,AS14.16,02/03/2014,,,
1565,AS14.16,03/03/2014,,,
1566,AS14.16,04/03/2014,,,
1567,AS14.16,06/03/2014,,,
1568,AS14.16,07/03/2014,,,
1569,AS14.16,08/03/2014,,,
1570,AS14.16,09/03/2014,,,
1571,AS14.16,10/03/2014,,,
1572,AS14.16,11/03/2014,,,
1573,AS14.16,12/03/2014,,,
1574,AS14.17,17/02/2014,,,
1575,AS14.17,18/02/2014,,,
1576,AS14.17,20/02/2014,,,
1577,AS14.17,21/02/2014,,,
1578,AS14.17,22/02/2014,,,
1579,AS14.17,23/02/2014,,,
1580,AS14.17,24/02/2014,,,
1581,AS14.17,25/02/2014,,,
1582,AS14.17,26/02/2014,,,
1583,AS14.17,28/02/2014,,,
1584,AS14.17,01/03/2014,,,
1585,AS14.17,02/03/2014,,,
1586,AS14.17,15/03/2014,,,
1587,AS14.17,16/03/2014,,,
1588,AS14.17,17/03/2014,,,
1589,AS14.17,18/03/2014,,,
1590,AS14.17,19/03/2014,,,
1591,AS14.19,17/02/2014,,,
1592,AS14.19,18/02/2014,,,
1593,AS14.19,19/02/2014,,,
1594,AS14.19,20/02/2014,,,
1595,AS14.19,21/02/2014,,,
1596,AS14.19,22/02/2014,,,
1597,AS14.19,23/02/2014,,,
1598,AS14.19,27/02/2014,,,
1599,AS14.19,02/03/2014,,,
1600,AS14.19,03/03/2014,,,
1601,AS14.19,04/03/2014,,,
1602,AS14.19,05/03/2014,,,
1603,AS14.19,06/03/2014,,,
1604,AS14.19,07/03/2014,,,
1605,AS14.19,08/03/2014,,,
1606,AS14.19,09/03/2014,,,
1607,AS14.19,10/03/2014,,,
1608,AS14.19,11/03/2014,,,
1609,AS14.19,12/03/2014,,,
1610,AS14.19,13/03/2014,,,
1611,AS14.19,14/03/2014,,,
1612,AS14.19,15/03/2014,,,
1613,AS14.19,16/03/2014,,,
1614,AS14.19,17/03/2014,,,
1615,AS14.19,18/03/2014,,,
1616,AS14.19,19/03/2014,,,
1617,AS14.19,20/03/2014,,,
1618,AS14.20,17/02/2014,,,
1619,AS14.20,18/02/2014,,,
1620,AS14.20,19/02/2014,,,
1621,AS14.20,21/02/2014,,,
1622,AS14.20,25/02/2014,,,
1623,AS14.20,26/02/2014,,,
1624,AS14.20,27/02/2014,,,
1625,AS14.20,28/02/2014,,,
1626,AS14.20,01/03/2014,,,
1627,AS14.20,03/03/2014,,,
1628,AS14.20,04/03/2014,,,
1629,AS14.20,05/03/2014,,,
1630,AS14.20,06/03/2014,,,
1631,AS14.20,08/03/2014,,,
1632,AS14.20,10/03/2014,,,
1633,AS14.20,12/03/2014,,,
1634,AS14.20,13/03/2014,,,
1635,AS14.20,15/03/2014,,,
1636,AS14.20,17/03/2014,,,
1637,AS14.23,17/02/2014,,,
1638,AS14.23,18/02/2014,,,
1639,AS14.23,19/02/2014,,,
1640,AS14.23,21/02/2014,,,
1641,AS14.23,22/02/2014,,,
1642,AS14.23,23/02/2014,,,
1643,AS14.23,24/02/2014,,,
1644,AS14.23,28/02/2014,,,
1645,AS14.23,01/03/2014,,,
1646,AS14.23,07/03/2014,,,
1647,AS14.23,08/03/2014,,,
1648,AS14.23,10/03/2014,,,
1649,AS14.23,12/03/2014,,,
1650,AS14.23,13/03/2014,,,
1651,AS14.23,15/03/2014,,,
1652,AS14.23,16/03/2014,,,
1653,AS14.23,17/03/2014,,,
1654,AS14.23,19/03/2014,,,
1655,AS14.23,20/03/2014,,,
1656,AS14.24,09/04/2014,,,
1657,AS14.24,10/04/2014,,,
1658,AS14.24,11/04/2014,,,
1659,AS14.24,12/04/2014,,,
1660,AS14.24,13/04/2014,,,
1661,AS14.25,17/02/2014,,,
1662,AS14.25,18/02/2014,,,
1663,AS14.25,19/02/2014,,,
1664,AS14.25,21/02/2014,,,
1665,AS14.25,24/02/2014,,,
1666,AS14.25,25/02/2014,,,
1667,AS14.25,26/02/2014,,,
1668,AS14.25,27/02/2014,,,
1669,AS14.25,28/02/2014,,,
1670,AS14.25,01/03/2014,,,
1671,AS14.25,02/03/2014,,,
1672,AS14.25,03/03/2014,,,
1673,AS14.25,04/03/2014,,,
1674,AS14.25,05/03/2014,,,
1675,AS14.25,06/03/2014,,,
1676,AS14.25,07/03/2014,,,
1677,AS14.25,08/03/2014,,,
1678,AS14.25,09/03/2014,,,
1679,AS14.25,10/03/2014,,,
1680,AS14.25,11/03/2014,,,
1681,AS14.25,12/03/2014,,,
1682,AS14.25,13/03/2014,,,
1683,AS14.25,14/03/2014,,,
1684,AS14.25,15/03/2014,,,
1685,AS14.25,17/03/2014,,,
1686,AS14.25,18/03/2014,,,
1687,AS14.25,19/03/2014,,,
1688,AS14.25,20/03/2014,,,
1689,AS14.25,21/03/2014,,,
1690,AS14.25,23/03/2014,,,
1691,AS14.25,24/03/2014,,,
1692,AS14.25,26/03/2014,,,
1693,AS14.25,27/03/2014,,,
1694,AS14.25,28/03/2014,,,
1695,AS14.25,29/03/2014,,,
1696,AS14.25,30/03/2014,,,
1697,AS14.25,31/03/2014,,,
1698,AS14.25,01/04/2014,,,
1699,AS14.25,02/04/2014,,,
1700,AS14.25,03/04/2014,,,
1701,AS14.25,04/04/2014,,,
1702,AS14.25,05/04/2014,,,
1703,AS14.25,06/04/2014,,,
1704,AS14.25,07/04/2014,,,
1705,AS14.26,17/02/2014,,,
1706,AS14.26,18/02/2014,,,
1707,AS14.26,19/02/2014,,,
1708,AS14.26,20/02/2014,,,
1709,AS14.26,21/02/2014,,,
1710,AS14.26,22/02/2014,,,
1711,AS14.26,23/02/2014,,,
1712,AS14.26,24/02/2014,,,
1713,AS14.26,26/02/2014,,,
1714,AS14.26,27/02/2014,,,
1715,AS14.26,28/02/2014,,,
1716,AS14.26,01/03/2014,,,
1717,AS14.26,02/03/2014,,,
1718,AS14.26,03/03/2014,,,
1719,AS14.26,04/03/2014,,,
1720,AS14.26,05/03/2014,,,
1721,AS14.26,06/03/2014,,,
1722,AS14.26,07/03/2014,,,
1723,AS14.26,08/03/2014,,,
1724,AS14.26,09/03/2014,,,
1725,AS14.26,10/03/2014,,,
1726,AS14.26,11/03/2014,,,
1727,AS14.26,12/03/2014,,,
1728,AS14.26,13/03/2014,,,
1729,AS14.26,15/03/2014,,,
1730,AS14.26,16/03/2014,,,
1731,AS14.26,17/03/2014,,,
1732,AS14.26,18/03/2014,,,
1733,AS14.26,19/03/2014,,,
1734,AS14.26,21/03/2014,,,
1735,AS14.26,22/03/2014,,,
1736,AS14.27,17/02/2014,,,
1737,AS14.27,18/02/2014,,,
1738,AS14.27,19/02/2014,,,
1739,AS14.27,20/02/2014,,,
1740,AS14.27,21/02/2014,,,
1741,AS14.27,22/02/2014,,,
1742,AS14.27,23/02/2014,,,
1743,AS14.27,24/02/2014,,,
1744,AS14.27,26/02/2014,,,
1745,AS14.27,27/02/2014,,,
1746,AS14.27,28/02/2014,,,
1747,AS14.27,02/03/2014,,,
1748,AS14.27,03/03/2014,,,
1749,AS14.27,04/03/2014,,,
1750,AS14.27,05/03/2014,,,
1751,AS14.27,06/03/2014,,,
1752,AS14.27,07/03/2014,,,
1753,AS14.27,08/03/2014,,,
1754,AS14.27,09/03/2014,,,
1755,AS14.27,10/03/2014,,,
1756,AS14.27,11/03/2014,,,
1757,AS14.27,12/03/2014,,,
1758,AS14.27,13/03/2014,,,
1759,AS14.27,14/03/2014,,,
1760,AS14.27,17/03/2014,,,
1761,AS14.27,18/03/2014,,,
1762,AS14.27,19/03/2014,,,
1763,AS14.27,21/03/2014,,,
1764,AS14.27,24/03/2014,,,
1765,AS14.27,25/03/2014,,,
1766,AS14.27,26/03/2014,,,
1767,AS14.27,28/03/2014,,,
1768,AS14.27,29/03/2014,,,
1769,AS14.27,30/03/2014,,,
1770,AS14.27,31/03/2014,,,
1771,AS14.27,01/04/2014,,,
1772,AS14.28,17/02/2014,,,
1773,AS14.28,19/02/2014,,,
1774,AS14.28,22/02/2014,,,
1775,AS14.28,25/02/2014,,,
1776,AS14.28,28/02/2014,,,
1777,AS14.28,04/03/2014,,,
1778,AS14.28,05/03/2014,,,
1779,AS14.28,06/03/2014,,,
1780,AS14.28,07/03/2014,,,
1781,AS14.28,15/03/2014,,,
1782,AS14.28,17/03/2014,,,
1783,AS14.28,18/03/2014,,,
1784,AS14.28,19/03/2014,,,
1785,AS14.28,20/03/2014,,,
1786,AS14.28,21/03/2014,,,
1787,AS14.28,24/03/2014,,,
1788,AS14.28,26/03/2014,,,
1789,AS14.28,27/03/2014,,,
1790,AS14.28,28/03/2014,,,
1791,AS14.29,17/02/2014,,,
1792,AS14.29,19/02/2014,,,
1793,AS14.29,20/02/2014,,,
1794,AS14.29,22/02/2014,,,
1795,AS14.29,23/02/2014,,,
1796,AS14.29,24/02/2014,,,
1797,AS14.29,25/02/2014,,,
1798,AS14.29,27/02/2014,,,
1799,AS14.29,28/02/2014,,,
1800,AS14.29,02/03/2014,,,
1801,AS14.29,04/03/2014,,,
1802,AS14.29,05/03/2014,,,
1803,AS14.29,06/03/2014,,,
1804,AS14.29,07/03/2014,,,
1805,AS14.29,08/03/2014,,,
1806,AS14.29,10/03/2014,,,
1807,AS14.29,13/03/2014,,,
1808,AS14.29,14/03/2014,,,
1809,AS14.29,15/03/2014,,,
1810,AS14.29,17/03/2014,,,
1811,AS14.29,19/03/2014,,,
1812,AS14.29,20/03/2014,,,
1813,AS14.29,21/03/2014,,,
1814,AS14.29,22/03/2014,,,
1815,AS14.29,23/03/2014,,,
1816,AS14.29,24/03/2014,,,
1817,AS14.29,25/03/2014,,,
1818,AS14.29,31/03/2014,,,
1819,AS14.29,01/04/2014,,,
1820,AS14.30,17/02/2014,,,
1821,AS14.30,18/02/2014,,,
1822,AS14.30,20/02/2014,,,
1823,AS14.30,21/02/2014,,,
1824,AS14.30,22/02/2014,,,
1825,AS14.30,23/02/2014,,,
1826,AS14.30,24/02/2014,,,
1827,AS14.30,25/02/2014,,,
1828,AS14.30,26/02/2014,,,
1829,AS14.30,27/02/2014,,,
1830,AS14.30,28/02/2014,,,
1831,AS14.30,02/03/2014,,,
1832,AS14.30,03/03/2014,,,
1833,AS14.30,04/03/2014,,,
1834,AS14.30,06/03/2014,,,
1835,AS14.30,07/03/2014,,,
1836,AS14.30,10/03/2014,,,
1837,AS14.30,11/03/2014,,,
1838,AS14.30,12/03/2014,,,
1839,AS14.30,14/03/2014,,,
1840,AS14.30,17/03/2014,,,
1841,AS14.30,18/03/2014,,,
1842,AS14.30,19/03/2014,,,
1843,AS14.31,17/02/2014,,,
1844,AS14.31,18/02/2014,,,
1845,AS14.31,20/02/2014,,,
1846,AS14.31,22/02/2014,,,
1847,AS14.31,24/02/2014,,,
1848,AS14.31,25/02/2014,,,
1849,AS14.31,26/02/2014,,,
1850,AS14.31,27/02/2014,,,
1851,AS14.31,28/02/2014,,,
1852,AS14.31,01/03/2014,,,
1853,AS14.31,03/03/2014,,,
1854,AS14.31,04/03/2014,,,
1855,AS14.31,06/03/2014,,,
1856,AS14.31,07/03/2014,,,
1857,AS14.31,08/03/2014,,,
1858,AS14.31,10/03/2014,,,
1859,AS14.31,11/03/2014,,,
1860,AS14.31,13/03/2014,,,
1861,AS14.31,14/03/2014,,,
1862,AS14.31,15/03/2014,,,
1863,AS14.31,16/03/2014,,,
1864,AS14.31,17/03/2014,,,
1865,AS14.31,18/03/2014,,,
1866,AS14.31,19/03/2014,,,
1867,AS14.31,20/03/2014,,,
1868,AS14.31,21/03/2014,,,
1869,AS14.31,23/03/2014,,,
1870,AS14.31,24/03/2014,,,
1871,AS14.31,25/03/2014,,,
1872,AS14.31,27/03/2014,,,
1873,AS14.31,28/03/2014,,,
1874,AS14.31,29/03/2014,,,
1875,AS14.31,31/03/2014,,,
1876,AS14.32,17/02/2014,,,
1877,AS14.32,18/02/2014,,,
1878,AS14.32,19/02/2014,,,
1879,AS14.32,20/02/2014,,,
1880,AS14.32,21/02/2014,,,
1881,AS14.32,22/02/2014,,,
1882,AS14.32,23/02/2014,,,
1883,AS14.32,24/02/2014,,,
1884,AS14.32,25/02/2014,,,
1885,AS14.32,26/02/2014,,,
1886,AS14.32,27/02/2014,,,
1887,AS14.32,28/02/2014,,,
1888,AS14.32,01/03/2014,,,
1889,AS14.32,03/03/2014,,,
1890,AS14.32,04/03/2014,,,
1891,AS14.32,05/03/2014,,,
1892,AS14.32,06/03/2014,,,
1893,AS14.32,07/03/2014,,,
1894,AS14.32,08/03/2014,,,
1895,AS14.32,09/03/2014,,,
1896,AS14.32,10/03/2014,,,
1897,AS14.32,11/03/2014,,,
1898,AS14.32,12/03/2014,,,
1899,AS14.32,13/03/2014,,,
1900,AS14.32,14/03/2014,,,
1901,AS14.32,15/03/2014,,,
1902,AS14.32,16/03/2014,,,
1903,AS14.32,17/03/2014,,,
1904,AS14.32,18/03/2014,,,
1905,AS14.32,19/03/2014,,,
1906,AS14.32,20/03/2014,,,
1907,AS14.32,21/03/2014,,,
1908,AS14.32,22/03/2014,,,
1909,AS14.32,23/03/2014,,,
1910,AS14.32,24/03/2014,,,
1911,AS14.32,25/03/2014,,,
1912,AS14.32,26/03/2014,,,
1913,AS14.32,27/03/2014,,,
1914,AS14.32,28/03/2014,,,
1915,AS14.32,29/03/2014,,,
1916,AS14.32,30/03/2014,,,
1917,AS14.32,31/03/2014,,,
1918,AS14.33,17/02/2014,,,
1919,AS14.33,18/02/2014,,,
1920,AS14.33,19/02/2014,,,
1921,AS14.33,20/02/2014,,,
1922,AS14.33,21/02/2014,,,
1923,AS14.33,22/02/2014,,,
1924,AS14.33,24/02/2014,,,
1925,AS14.33,25/02/2014,,,
1926,AS14.33,26/02/2014,,,
1927,AS14.33,27/02/2014,,,
1928,AS14.33,28/02/2014,,,
1929,AS14.33,01/03/2014,,,
1930,AS14.33,02/03/2014,,,
1931,AS14.33,03/03/2014,,,
1932,AS14.33,04/03/2014,,,
1933,AS14.33,05/03/2014,,,
1934,AS14.33,06/03/2014,,,
1935,AS14.33,08/03/2014,,,
1936,AS14.33,09/03/2014,,,
1937,AS14.33,10/03/2014,,,
1938,AS14.33,11/03/2014,,,
1939,AS14.33,12/03/2014,,,
1940,AS14.33,13/03/2014,,,
1941,AS14.33,14/03/2014,,,
1942,AS14.33,15/03/2014,,,
1943,AS14.33,17/03/2014,,,
1944,AS14.33,18/03/2014,,,
1945,AS14.33,19/03/2014,,,
1946,AS14.33,20/03/2014,,,
1947,AS14.33,21/03/2014,,,
1948,AS14.33,22/03/2014,,,
1949,AS14.33,23/03/2014,,,
1950,AS14.33,24/03/2014,,,
1951,AS14.33,25/03/2014,,,
1952,AS14.33,26/03/2014,,,
1953,AS14.33,27/03/2014,,,
1954,AS14.33,28/03/2014,,,
1955,AS14.33,29/03/2014,,,
1956,AS14.33,30/03/2014,,,
1957,AS14.33,31/03/2014,,,
1958,AS14.33,01/04/2014,,,
1959,AS14.33,02/04/2014,,,
1960,AS14.33,03/04/2014,,,
1961,AS14.33,04/04/2014,,,
1962,AS14.33,05/04/2014,,,
1963,AS14.33,06/04/2014,,,
1964,AS14.33,07/04/2014,,,
1965,AS14.33,08/04/2014,,,
1966,AS14.33,09/04/2014,,,
1967,AS14.33,10/04/2014,,,
1968,AS14.33,11/04/2014,,,
1969,AS14.33,12/04/2014,,,
1970,AS14.33,13/04/2014,,,
1971,AS14.33,14/04/2014,,,
1972,AS14.33,15/04/2014,,,